bucket,dedupe_key,source,kind,is_notice,committee_id,committee_name,committee_class,candidate_id,candidate_name,candidate_party,race_id,support_oppose,helps,amount,dissemination_date,filed_at,file_num,transaction_id,image_number,election_type,payee,purpose
unmatched,C00453704|1923862|SE.6913|ie,bulk,ie,True,C00453704,EMGAGE FEDERAL POLITICAL ACTION COMMITTEE,,,"Hashmi, Ghazala",,,S,,1750.0,2025-10-29,2025-10-30,1923862,SE.6913,202510309792076938,G,Blue Print Interactive,Digital Ads
unmatched,C00888081|1941253|PDT.E.53|ie,bulk,ie,True,C00888081,Health Care Saves Lives,,,"Baugh, Scott",,,O,,999.74,2024-10-23,2026-01-30,1941253,PDT.E.53,202601309795275561,G,Scale to Win,Text Messages; Actual for 24 hour report filed on 10/25/24
unmatched,C00735738|2010343|WFT20267312037-1|ie,bulk,ie,True,C00735738,"KNOCK FOR DEMOCRACY, INC.",,,"Stelson, Janelle",,,S,,1645.0,2026-08-24,2026-08-31,2010343,WFT20267312037-1,202608319904053633,G,Astral Transportation,Canvasser Transportation
unmatched,C00722884|1986729|EDT.E.53|ie,bulk,ie,True,C00722884,LGBTQ CONNECTION PAC,,,"HARDING, BRINKER",,,O,,1267.31,2026-06-03,2026-06-26,1986729,EDT.E.53,202606269874268906,G,"MASON, WINSLOW",TRAVEL EXPENSES FOR CANVASSER
unmatched,C00722884|1986729|EDT.E.79|ie,bulk,ie,True,C00722884,LGBTQ CONNECTION PAC,,,"HARDING, BRINKER",,,O,,874.14,2026-06-02,2026-06-26,1986729,EDT.E.79,202606269874268904,G,"DOYLE, COLLEEN",TRAVEL EXPENSES FOR CANVASSER
unmatched,C00722884|1986729|EDT.E.63|ie,bulk,ie,True,C00722884,LGBTQ CONNECTION PAC,,,"HARDING, BRINKER",,,O,,5774.38,2026-06-09,2026-06-26,1986729,EDT.E.63,202606269874268905,G,"FLEISCHER, DAVID",TRAVEL EXPENSES FOR CANVASSERS
unmatched,C00722884|1998406|EDT.E.104|ie,bulk,ie,True,C00722884,LGBTQ CONNECTION PAC,,,"HARDING, BRINKER",,,O,,300.0,2026-07-10,2026-07-16,1998406,EDT.E.104,202607169890838660,G,MT. MORIAH MISSIONARY BAPTIST CHURCH,FACILITY RENTAL FOR CANVASSING
unmatched,C00722884|1998406|EDT.E.108|ie,bulk,ie,True,C00722884,LGBTQ CONNECTION PAC,,,"HARDING, BRINKER",,,O,,868.91,2026-07-14,2026-07-16,1998406,EDT.E.108,202607169890838658,G,"DE LA CRUZ, DARIUS",SALARY
unmatched,C00722884|1998406|EDT.E.109|ie,bulk,ie,True,C00722884,LGBTQ CONNECTION PAC,,,"HARDING, BRINKER",,,O,,907.77,2026-07-14,2026-07-16,1998406,EDT.E.109,202607169890838660,G,"DOYLE, COLLEEN",SALARY
unmatched,C00722884|1998406|EDT.E.107|ie,bulk,ie,True,C00722884,LGBTQ CONNECTION PAC,,,"HARDING, BRINKER",,,O,,994.25,2026-07-14,2026-07-16,1998406,EDT.E.107,202607169890838659,G,"DICAMILLO, NATHAN",SALARY
unmatched,C00722884|2003579|EDT.E.116|ie,bulk,ie,True,C00722884,LGBTQ CONNECTION PAC,,,"HARDING, BRINKER",,,O,,406.42,2026-07-30,2026-08-02,2003579,EDT.E.116,202608029899313080,G,"DOYLE, COLLEEN",SALARY
unmatched,C00722884|2003579|EDT.E.115|ie,bulk,ie,True,C00722884,LGBTQ CONNECTION PAC,,,"HARDING, BRINKER",,,O,,466.05,2026-07-30,2026-08-02,2003579,EDT.E.115,202608029899313079,G,"DICAMILLO, NATHAN",SALARY
unmatched,C00722884|2003579|EDT.E.114|ie,bulk,ie,True,C00722884,LGBTQ CONNECTION PAC,,,"HARDING, BRINKER",,,O,,610.95,2026-07-30,2026-08-02,2003579,EDT.E.114,202608029899313079,G,"DE LA CRUZ, DARIUS",SALARY
unmatched,C00722884|2003579|EDT.E.119|ie,bulk,ie,True,C00722884,LGBTQ CONNECTION PAC,,,"HARDING, BRINKER",,,O,,956.2,2026-07-30,2026-08-02,2003579,EDT.E.119,202608029899313081,G,PAYROLL TAXES,PAYROLL TAXES
unmatched,C00722884|2003579|EDT.E.122|ie,bulk,ie,True,C00722884,LGBTQ CONNECTION PAC,,,"HARDING, BRINKER",,,O,,1000.0,2026-07-29,2026-08-02,2003579,EDT.E.122,202608029899313082,G,"SMITH, RACHEL",TRAVEL EXPENSES FOR CANVASSER
unmatched,C00722884|2003579|EDT.E.112|ie,bulk,ie,True,C00722884,LGBTQ CONNECTION PAC,,,"HARDING, BRINKER",,,O,,1342.0,2026-07-15,2026-08-02,2003579,EDT.E.112,202608029899313081,G,"MASON, WINSLOW",TRAVEL EXPENSES FOR CANVASSER
unmatched,C00722884|2003579|EDT.E.111|ie,bulk,ie,True,C00722884,LGBTQ CONNECTION PAC,,,"HARDING, BRINKER",,,O,,1938.51,2026-07-15,2026-08-02,2003579,EDT.E.111,202608029899313080,G,"DOYLE, COLLEEN",TRAVEL EXPENSES FOR CANVASSER
unmatched,C00722884|1987620|EDT.E.97|ie,bulk,ie,True,C00722884,LGBTQ CONNECTION PAC,,,"HARDING, BRINKER",,,O,,243.22,2026-06-30,2026-07-02,1987620,EDT.E.97,202607029874736562,G,PAYROLL TAXES,PAYROLL TAXES
unmatched,C00722884|1987620|EDT.E.82|ie,bulk,ie,True,C00722884,LGBTQ CONNECTION PAC,,,"HARDING, BRINKER",,,O,,434.46,2026-06-29,2026-07-02,1987620,EDT.E.82,202607029874736560,G,"DE LA CRUZ, DARIUS",SALARY
unmatched,C00722884|1987620|EDT.E.85|ie,bulk,ie,True,C00722884,LGBTQ CONNECTION PAC,,,"HARDING, BRINKER",,,O,,497.12,2026-06-29,2026-07-02,1987620,EDT.E.85,202607029874736560,G,"DICAMILLO, NATHAN",SALARY
unmatched,C00722884|1987620|EDT.E.94|ie,bulk,ie,True,C00722884,LGBTQ CONNECTION PAC,,,"HARDING, BRINKER",,,O,,497.15,2026-06-30,2026-07-02,1987620,EDT.E.94,202607029874736561,G,"DOYLE, COLLEEN",SALARY
unmatched,C00722884|1987620|EDT.E.88|ie,bulk,ie,True,C00722884,LGBTQ CONNECTION PAC,,,"HARDING, BRINKER",,,O,,559.96,2026-06-29,2026-07-02,1987620,EDT.E.88,202607029874736561,G,"MASON, WINSLOW",SALARY
unmatched,C00722884|1987620|EDT.E.91|ie,bulk,ie,True,C00722884,LGBTQ CONNECTION PAC,,,"HARDING, BRINKER",,,O,,630.37,2026-06-29,2026-07-02,1987620,EDT.E.91,202607029874736562,G,PAYROLL TAXES,PAYROLL TAXES
unmatched,C00722884|1989372|EDT.E.101|ie,bulk,ie,True,C00722884,LGBTQ CONNECTION PAC,,,"HARDING, BRINKER",,,O,,622.35,2026-07-07,2026-07-09,1989372,EDT.E.101,202607099874816290,G,"DE LA CRUZ, DARIUS",TRAVEL EXPENSES FOR CANVASSER
unmatched,C00722884|1989372|EDT.E.99|ie,bulk,ie,True,C00722884,LGBTQ CONNECTION PAC,,,"HARDING, BRINKER",,,O,,14821.58,2026-07-07,2026-07-09,1989372,EDT.E.99,202607099874816290,G,"FLEISCHER, DAVID",TRAVEL EXPENSES FOR CANVASSER
unmatched,C00722884|1998406|EDT.E.102|ie,bulk,ie,True,C00722884,LGBTQ CONNECTION PAC,,,"HARDING, BRINKER",,,O,,1182.3,2026-07-09,2026-07-16,1998406,EDT.E.102,202607169890838661,G,"VUKCEVICH, MARC",TRAVEL EXPENSES FOR CANVASSER
unmatched,C00722884|1998406|EDT.E.110|ie,bulk,ie,True,C00722884,LGBTQ CONNECTION PAC,,,"HARDING, BRINKER",,,O,,1308.93,2026-07-14,2026-07-16,1998406,EDT.E.110,202607169890838661,G,PAYROLL TAXES,PAYROLL TAXES
unmatched,C00722884|1998406|EDT.E.103|ie,bulk,ie,True,C00722884,LGBTQ CONNECTION PAC,,,"HARDING, BRINKER",,,O,,2041.51,2026-07-10,2026-07-16,1998406,EDT.E.103,202607169890838659,G,"DOYLE, COLLEEN",TRAVEL EXPENSES FOR CANVASSER
unmatched,C00722884|1980911|EDT.E.43|ie,bulk,ie,True,C00722884,LGBTQ CONNECTION PAC,,,"HARDING, BRINKER",,,O,,161.29,2026-05-08,2026-06-02,1980911,EDT.E.43,202606029870359241,G,"FLEISCHER, DAVID",CONSULTING
unmatched,C00722884|1980911|EDT.E.38|ie,bulk,ie,True,C00722884,LGBTQ CONNECTION PAC,,,"HARDING, BRINKER",,,O,,170.72,2026-05-28,2026-06-02,1980911,EDT.E.38,202606029870359241,G,"DOYLE, COLLEEN",SALARY
unmatched,C00722884|1980911|EDT.E.34|ie,bulk,ie,True,C00722884,LGBTQ CONNECTION PAC,,,"HARDING, BRINKER",,,O,,203.65,2026-05-28,2026-06-02,1980911,EDT.E.34,202606029870359240,G,"DE LA CRUZ, DARIUS",SALARY
unmatched,C00722884|1980911|EDT.E.31|ie,bulk,ie,True,C00722884,LGBTQ CONNECTION PAC,,,"HARDING, BRINKER",,,O,,233.03,2026-05-28,2026-06-02,1980911,EDT.E.31,202606029870359240,G,"DICAMILLO, NATHAN",SALARY
unmatched,C00722884|1980911|EDT.E.37|ie,bulk,ie,True,C00722884,LGBTQ CONNECTION PAC,,,"HARDING, BRINKER",,,O,,249.73,2026-05-28,2026-06-02,1980911,EDT.E.37,202606029870359242,G,PAYROLL TAXES,PAYROLL TAXES
unmatched,C00722884|1980911|EDT.E.41|ie,bulk,ie,True,C00722884,LGBTQ CONNECTION PAC,,,"HARDING, BRINKER",,,O,,300.0,2026-05-28,2026-06-02,1980911,EDT.E.41,202606029870359242,G,MT. MORIAH MISSIONARY BAPTIST CHURCH,FACILITY RENTAL FOR CANVASSING
unmatched,C00722884|1998406|EDT.E.106|ie,bulk,ie,True,C00722884,LGBTQ CONNECTION PAC,,,"HARDING, BRINKER",,,O,,10868.88,2026-07-14,2026-07-16,1998406,EDT.E.106,202607169890838658,G,"DICAMILLO, NATHAN",TRAVEL EXPENSES FOR CANVASSER
unmatched,C00722884|1986729|EDT.E.78|ie,bulk,ie,True,C00722884,LGBTQ CONNECTION PAC,,,"HARDING, BRINKER",,,O,,188.45,2026-06-02,2026-06-26,1986729,EDT.E.78,202606269874268905,G,"MASON, WINSLOW",TRAVEL EXPENSES FOR CANVASSER
unmatched,C00722884|1986729|EDT.E.76|ie,bulk,ie,True,C00722884,LGBTQ CONNECTION PAC,,,"HARDING, BRINKER",,,O,,279.5,2026-06-18,2026-06-26,1986729,EDT.E.76,202606269874268903,G,"DAILY, ROBIN",TRAVEL EXPENSES FOR CANVASSER
unmatched,C00722884|1986729|EDT.E.55|ie,bulk,ie,True,C00722884,LGBTQ CONNECTION PAC,,,"HARDING, BRINKER",,,O,,523.2,2026-06-08,2026-06-26,1986729,EDT.E.55,202606269874268904,G,"DOYLE, COLLEEN",TRAVEL EXPENSES FOR CANVASSER
unmatched,C00722884|1986729|EDT.E.57|ie,bulk,ie,True,C00722884,LGBTQ CONNECTION PAC,,,"HARDING, BRINKER",,,O,,712.61,2026-06-08,2026-06-26,1986729,EDT.E.57,202606269874268903,G,"DE LA CRUZ, DARIUS",TRAVEL EXPENSES FOR CANVASSER
unmatched,C00722884|1986729|EDT.E.77|ie,bulk,ie,True,C00722884,LGBTQ CONNECTION PAC,,,"HARDING, BRINKER",,,O,,2319.22,2026-06-24,2026-06-26,1986729,EDT.E.77,202606269874268906,G,"MASON, WINSLOW",TRAVEL EXPENSES FOR CANVASSER
unmatched,C00754192|1893746|500416333|ie,bulk,ie,True,C00754192,Orange County PAC,,H4CA45170,"TRAN, DEREK",,,,,5641.7,2024-10-15,2025-05-21,1893746,500416333,202505219761569697,G,Pilipino Action Center,Phonebanking - Estimate
unmatched,C00489799|2016144|500766919|ie,bulk,ie,True,C00489799,Planned Parenthood Votes,,,"O'Donnell, Marty",,,O,,90.35,2026-08-12,2026-10-01,2016144,500766919,202610019908503727,G,Planned Parenthood Advocates Mar Monte,Estimated Cost of Staff Time for Voter Communications
unmatched,C00489799|2016144|500761468|ie,bulk,ie,True,C00489799,Planned Parenthood Votes,,,"O'Donnell, Marty",,,O,,103.35,2026-08-02,2026-10-01,2016144,500761468,202610019908503727,G,"Planned Parenthood Action Fund, Inc.",Estimated Cost for Staff Time for Voter Communications
unmatched,C00489799|2016144|500761467|ie,bulk,ie,True,C00489799,Planned Parenthood Votes,,,"O'Donnell, Marty",,,O,,174.23,2026-07-19,2026-10-01,2016144,500761467,202610019908503726,G,"Planned Parenthood Action Fund, Inc.",Staff Time for Voter Communications
unmatched,C00489799|2016144|500761463|ie,bulk,ie,True,C00489799,Planned Parenthood Votes,,,"O'Donnell, Marty",,,O,,12500.0,2026-08-12,2026-10-01,2016144,500761463,202610019908503728,G,"The Outreach Team, LLC",Estimated Cost of Canvassing Services
unmatched,C00489799|2009359|500761911|ie,bulk,ie,True,C00489799,Planned Parenthood Votes,,,"O'Donnell, Marty",,,O,,103.35,2026-08-02,2026-08-21,2009359,500761911,202608219903381115,G,"Planned Parenthood Action Fund, Inc.",Estimated Cost of Staff Time for Voter Communications
unmatched,C00489799|2009359|500761910|ie,bulk,ie,True,C00489799,Planned Parenthood Votes,,,"O'Donnell, Marty",,,O,,103.35,2026-08-16,2026-08-21,2009359,500761910,202608219903381116,G,"Planned Parenthood Action Fund, Inc.",Estimated Cost of Staff Time for Voter Communications
unmatched,C00489799|2016188|500766654|ie,bulk,ie,True,C00489799,Planned Parenthood Votes,,,"O'Donnell, Marty",,,O,,11.99,2026-09-13,2026-10-01,2016188,500766654,202610019908504056,G,"Planned Parenthood Action Fund, Inc.",Estimated Cost for Staff Time for Voter Communications
unmatched,C00489799|2016188|500766653|ie,bulk,ie,True,C00489799,Planned Parenthood Votes,,,"O'Donnell, Marty",,,O,,56.72,2026-09-06,2026-10-01,2016188,500766653,202610019908504055,G,"Planned Parenthood Action Fund, Inc.",Estimated Cost for Staff Time for Voter Communications
unmatched,C00489799|2016188|500761468|ie,bulk,ie,True,C00489799,Planned Parenthood Votes,,,"O'Donnell, Marty",,,O,,103.35,2026-08-02,2026-10-01,2016188,500761468,202610019908504054,G,"Planned Parenthood Action Fund, Inc.",Estimated Cost for Staff Time for Voter Communications
unmatched,C00489799|2016188|500761910|ie,bulk,ie,True,C00489799,Planned Parenthood Votes,,,"O'Donnell, Marty",,,O,,103.35,2026-08-16,2026-10-01,2016188,500761910,202610019908504054,G,"Planned Parenthood Action Fund, Inc.",Estimated Cost of Staff Time for Voter Communications
unmatched,C00489799|2016188|500763703|ie,bulk,ie,True,C00489799,Planned Parenthood Votes,,,"O'Donnell, Marty",,,O,,166.5,2026-08-30,2026-10-01,2016188,500763703,202610019908504055,G,"Planned Parenthood Action Fund, Inc.",Staff Time for Voter Communications
unmatched,C00489799|2016188|500766928|ie,bulk,ie,True,C00489799,Planned Parenthood Votes,,,"O'Donnell, Marty",,,O,,360.89,2026-09-28,2026-10-01,2016188,500766928,202610019908504057,G,Planned Parenthood Advocates Mar Monte,Estimated Cost of Staff Time for Voter Communications
unmatched,C00489799|2016188|500766650|ie,bulk,ie,True,C00489799,Planned Parenthood Votes,,,"O'Donnell, Marty",,,O,,5357.14,2026-09-28,2026-10-01,2016188,500766650,202610019908504060,G,"The Outreach Team, LLC",Estimated Cost of Canvassing
unmatched,C00489799|2016144|500761466|ie,bulk,ie,True,C00489799,Planned Parenthood Votes,,,"O'Donnell, Marty",,,O,,103.35,2026-07-05,2026-10-01,2016144,500761466,202610019908503726,G,"Planned Parenthood Action Fund, Inc.",Staff Time for Voter Communications
unmatched,C90022476|2010081|F57.000005|ie,bulk,ie,True,C90022476,STAND UP FOR OHIO (OHIO ORGANIZING CAMPAIGN),,,"Skyes, Emilia",,,S,,105.0,2026-08-28,2026-08-28,2010081,F57.000005,202608289903430446,G,Field Forward Ohio,Estimated Cost of Voter Guide- People United for Public Schools
unmatched,C90018904|2003398|F57.10316|ie,bulk,ie,True,C90018904,THE CONSERVATIVE CAUCUS DBA AMERICANS FOR CONSTITUTIONAL LIBERTY,,H4ME02093,"BALDACCI, JOHN ELIAS",,,O,,1120.29,2026-07-24,2026-07-31,2003398,F57.10316,202607319899298412,G,United States Postal Service,Postage
unmatched,C90018904|2003398|F57.10338|ie,bulk,ie,True,C90018904,THE CONSERVATIVE CAUCUS DBA AMERICANS FOR CONSTITUTIONAL LIBERTY,,H4ME02093,"BALDACCI, JOHN ELIAS",,,O,,63.25,2026-07-29,2026-07-31,2003398,F57.10338,202607319899298401,G,"Data Management, Inc.",Data Processing
unmatched,C90018904|2003398|F57.10290|ie,bulk,ie,True,C90018904,THE CONSERVATIVE CAUCUS DBA AMERICANS FOR CONSTITUTIONAL LIBERTY,,H4ME02093,"BALDACCI, JOHN ELIAS",,,O,,74.89,2026-07-24,2026-07-31,2003398,F57.10290,202607319899298397,G,"Data Management, Inc.",Data Processing
unmatched,C90018904|2003398|F57.10264|ie,bulk,ie,True,C90018904,THE CONSERVATIVE CAUCUS DBA AMERICANS FOR CONSTITUTIONAL LIBERTY,,H4ME02093,"BALDACCI, JOHN ELIAS",,,O,,248.67,2026-07-24,2026-07-31,2003398,F57.10264,202607319899298386,G,American Mailing Lists Corporation,List Brokerage Services
unmatched,C90018904|2003398|F57.10327|ie,bulk,ie,True,C90018904,THE CONSERVATIVE CAUCUS DBA AMERICANS FOR CONSTITUTIONAL LIBERTY,,H4ME02093,"BALDACCI, JOHN ELIAS",,,O,,639.76,2026-07-29,2026-07-31,2003398,F57.10327,202607319899298393,G,"American Target Advertising, Inc.",Copy and Production Services
unmatched,C90018904|2003398|F57.10278|ie,bulk,ie,True,C90018904,THE CONSERVATIVE CAUCUS DBA AMERICANS FOR CONSTITUTIONAL LIBERTY,,H4ME02093,"BALDACCI, JOHN ELIAS",,,O,,757.45,2026-07-24,2026-07-31,2003398,F57.10278,202607319899298390,G,"American Target Advertising, Inc.",Copy and Production Services
unmatched,C90018904|2003398|F57.10310|ie,bulk,ie,True,C90018904,THE CONSERVATIVE CAUCUS DBA AMERICANS FOR CONSTITUTIONAL LIBERTY,,H4ME02093,"BALDACCI, JOHN ELIAS",,,O,,1935.0,2026-07-24,2026-07-31,2003398,F57.10310,202607319899298410,G,RHA Marketing,Print and Mailshop
unmatched,C90018904|2003398|F57.10361|ie,bulk,ie,True,C90018904,THE CONSERVATIVE CAUCUS DBA AMERICANS FOR CONSTITUTIONAL LIBERTY,,H4ME02093,"BALDACCI, JOHN ELIAS",,,O,,3099.03,2026-07-29,2026-07-31,2003398,F57.10361,202607319899298415,G,United States Postal Service,Postage
unmatched,C90018904|2003398|F57.10350|ie,bulk,ie,True,C90018904,THE CONSERVATIVE CAUCUS DBA AMERICANS FOR CONSTITUTIONAL LIBERTY,,H4ME02093,"BALDACCI, JOHN ELIAS",,,O,,7984.62,2026-07-29,2026-07-31,2003398,F57.10350,202607319899298404,G,Direct Mail Marketing Group,Print and Mailshop
unmatched,C90020231|2015218|F57-155|ie,bulk,ie,True,C90020231,"Thomas Paine Society, L.L.C.",,,"Asberry Cooper, Roy",,,S,,1712.0,2026-08-23,2026-09-25,2015218,F57-155,202609259908418843,G,Winston-Salem Journal,Political Advertising
unmatched,C90020231|2015218|F57-241|ie,bulk,ie,True,C90020231,"Thomas Paine Society, L.L.C.",,,"Asberry Cooper, Roy",,,S,,1360.0,2026-08-02,2026-09-25,2015218,F57-241,202609259908418829,G,Charlotte Observer,Political Advertising
unmatched,C90020231|2015218|F57-224|ie,bulk,ie,True,C90020231,"Thomas Paine Society, L.L.C.",,,"Asberry Cooper, Roy",,,S,,1360.0,2026-08-02,2026-09-25,2015218,F57-224,202609259908418828,G,News & Observer,Political Advertising
unmatched,C90020231|2015218|F57-206|ie,bulk,ie,True,C90020231,"Thomas Paine Society, L.L.C.",,,"Asberry Cooper, Roy",,,S,,1360.0,2026-08-09,2026-09-25,2015218,F57-206,202609259908418832,G,Charlotte Observer,Political Advertising
unmatched,C90020231|2015218|F57-277|ie,bulk,ie,True,C90020231,"Thomas Paine Society, L.L.C.",,,"Asberry Cooper, Roy",,,S,,1360.0,2026-08-09,2026-09-25,2015218,F57-277,202609259908418833,G,News & Observer,Political Advertising
unmatched,C90020231|2015218|F57-189|ie,bulk,ie,True,C90020231,"Thomas Paine Society, L.L.C.",,,"Asberry Cooper, Roy",,,S,,1360.0,2026-08-16,2026-09-25,2015218,F57-189,202609259908418837,G,Charlotte Observer,Political Advertising
unmatched,C90020231|2015218|F57-172|ie,bulk,ie,True,C90020231,"Thomas Paine Society, L.L.C.",,,"Asberry Cooper, Roy",,,S,,1360.0,2026-08-16,2026-09-25,2015218,F57-172,202609259908418836,G,News & Observer,Political Advertising
unmatched,C90020231|2015218|F57-154|ie,bulk,ie,True,C90020231,"Thomas Paine Society, L.L.C.",,,"Asberry Cooper, Roy",,,S,,1360.0,2026-08-23,2026-09-25,2015218,F57-154,202609259908418843,G,Charlotte Observer,Political Advertising
unmatched,C90020231|2015218|F57-259|ie,bulk,ie,True,C90020231,"Thomas Paine Society, L.L.C.",,,"Asberry Cooper, Roy",,,S,,1360.0,2026-08-23,2026-09-25,2015218,F57-259,202609259908418844,G,News & Observer,Political Advertising
unmatched,C90020231|2015218|F57-225|ie,bulk,ie,True,C90020231,"Thomas Paine Society, L.L.C.",,,"Asberry Cooper, Roy",,,S,,1712.0,2026-08-02,2026-09-25,2015218,F57-225,202609259908418829,G,Greensboro News & Record,Political Advertising
unmatched,C90020231|2015218|F57-242|ie,bulk,ie,True,C90020231,"Thomas Paine Society, L.L.C.",,,"Asberry Cooper, Roy",,,S,,1712.0,2026-08-02,2026-09-25,2015218,F57-242,202609259908418829,G,Winston-Salem Journal,Political Advertising
unmatched,C90020231|2015218|F57-278|ie,bulk,ie,True,C90020231,"Thomas Paine Society, L.L.C.",,,"Asberry Cooper, Roy",,,S,,1712.0,2026-08-09,2026-09-25,2015218,F57-278,202609259908418833,G,Greensboro News & Record,Political Advertising
unmatched,C90020231|2015218|F57-207|ie,bulk,ie,True,C90020231,"Thomas Paine Society, L.L.C.",,,"Asberry Cooper, Roy",,,S,,1712.0,2026-08-09,2026-09-25,2015218,F57-207,202609259908418832,G,Winston-Salem Journal,Political Advertising
unmatched,C90020231|2015218|F57-173|ie,bulk,ie,True,C90020231,"Thomas Paine Society, L.L.C.",,,"Asberry Cooper, Roy",,,S,,1712.0,2026-08-16,2026-09-25,2015218,F57-173,202609259908418837,G,Greensboro News & Record,Political Advertising
unmatched,C90020231|2015218|F57-190|ie,bulk,ie,True,C90020231,"Thomas Paine Society, L.L.C.",,,"Asberry Cooper, Roy",,,S,,1712.0,2026-08-16,2026-09-25,2015218,F57-190,202609259908418837,G,Winston-Salem Journal,Political Advertising
unmatched,C90020231|2015218|F57-260|ie,bulk,ie,True,C90020231,"Thomas Paine Society, L.L.C.",,,"Asberry Cooper, Roy",,,S,,1712.0,2026-08-23,2026-09-25,2015218,F57-260,202609259908418844,G,Greensboro News & Record,Political Advertising
unmatched,C90020231|2015218|F57-265|ie,bulk,ie,True,C90020231,"Thomas Paine Society, L.L.C.",,,"Cueller, Enrique",,,S,,2058.1,2026-08-23,2026-09-25,2015218,F57-265,202609259908418846,G,San Antonio Express News,Political Advertising
unmatched,C00946087|1985202|WFT2026519725-1|ie,bulk,ie,True,C00946087,WARREN BUFFET APPLE INC.,,H6FL11274,"Bettis, Shawn",,,S,,1000000.0,2026-06-18,2026-06-19,1985202,WFT2026519725-1,202606199870802317,G,"Warren Buffet Apple Inc, Shawn",House Representatives
unmatched,C00946087|1989236|WFT2026691111-1|ie,bulk,ie,True,C00946087,WARREN BUFFET APPLE INC.,,,"Bettis, Shawn",,,O,,100.0,2026-07-06,2026-07-09,1989236,WFT2026691111-1,202607099874808537,G,WarrenBuffet Apple Inc.,House
unmatched,C00946087|1986763|WFT20265261643-1|ie,bulk,ie,True,C00946087,WARREN BUFFET APPLE INC.,,,"Bettis, Shawn",,,S,,100.0,2026-06-25,2026-06-26,1986763,WFT20265261643-1,202606269874270243,G,"Apple Inc, DJIA, SP, DOW. USA",House
unmatched,C00946087|1979441|WFT20264261015-1|ie,bulk,ie,True,C00946087,WARREN BUFFET APPLE INC.,,,"Bettis, Shawn",,,S,,100.0,2026-05-26,2026-05-26,1979441,WFT20264261015-1,202605269870277959,G,Warren Buffet Apple Inc.,House
unmatched,C00489799|2016197|500761466|ie,efile,ie,False,C00489799,PLANNED PARENTHOOD VOTES,,,"O'Donnell, Marty",,,O,,103.0,2026-07-05,2026-10-02,2016197,500761466,202610029908504291,G?,"Planned Parenthood Action Fund, Inc.,",Staff Time for Voter Communications
unmatched,C00489799|2016197|500761467|ie,efile,ie,False,C00489799,PLANNED PARENTHOOD VOTES,,,"O'Donnell, Marty",,,O,,174.0,2026-07-19,2026-10-02,2016197,500761467,202610029908504293,G?,"Planned Parenthood Action Fund, Inc.,",Staff Time for Voter Communications
unmatched,C00489799|2016535|500761468|ie,efile,ie,False,C00489799,PLANNED PARENTHOOD VOTES,,,"O'Donnell, Marty",,,O,,103.0,2026-08-02,2026-10-02,2016535,500761468,202610029908512031,G?,"Planned Parenthood Action Fund, Inc.,",Staff Time for Voter Communications
unmatched,C00489799|2016535|500761910|ie,efile,ie,False,C00489799,PLANNED PARENTHOOD VOTES,,,"O'Donnell, Marty",,,O,,103.0,2026-08-16,2026-10-02,2016535,500761910,202610029908512036,G?,"Planned Parenthood Action Fund, Inc.,",Staff Time for Voter Communications
unmatched,C00489799|2016535|500763703|ie,efile,ie,False,C00489799,PLANNED PARENTHOOD VOTES,,,"O'Donnell, Marty",,,O,,166.0,2026-08-30,2026-10-02,2016535,500763703,202610029908512038,G?,"Planned Parenthood Action Fund, Inc.,",Staff Time for Voter Communications
unmatched,C00740514|2016126|SE.4757|ie,efile,ie,False,C00740514,CONCERNED CITIZEN,,,"Tesch, Eileen",,,S,,72.0,2026-08-31,2026-10-01,2016126,SE.4757,202610019908503454,G?,"GOOGLEADS,",Digital Political AD
unmatched,C00740514|2016126|SE.4756|ie,efile,ie,False,C00740514,CONCERNED CITIZEN,,,"Johnson, Perry",,,S,,1397.0,2026-08-31,2026-10-01,2016126,SE.4756,202610019908503454,G?,"GOOGLEADS,",Digital Political AD
unmatched,C00688432|2016485|PDT.E.147|ie,efile,ie,True,C00688432,PLANNED PARENTHOOD ACTION FUND OF THE PACIFIC SOUTHWEST PAC,,,"Wilpert, Marni von",,,S,,250000.0,2026-09-25,2026-10-02,2016485,PDT.E.147,202610029908510854,G?,"The Outreach Team, Inc.,",Canvassing (estimate)
unmatched,C00740514|2016126|SE.4758|ie,efile,ie,False,C00740514,CONCERNED CITIZEN,,,"DNC, Democratic Nat Comm",,,S,,521.0,2026-09-30,2026-10-01,2016126,SE.4758,202610019908503455,G?,"GOOGLEADS,",Digital Political AD
unmatched,C00740514|2016126|SE.4759|ie,efile,ie,False,C00740514,CONCERNED CITIZEN,,,"DNC, Democratic Nat Comm",,,S,,26.0,2026-09-30,2026-10-01,2016126,SE.4759,202610019908503455,G?,"GOOGLEADS,",Digital Political AD
unmatched,C00688432|2016485|EDT.E.32|ie,efile,ie,True,C00688432,PLANNED PARENTHOOD ACTION FUND OF THE PACIFIC SOUTHWEST PAC,,,"Wilpert, Marni von",,,S,,7800.0,2026-10-01,2026-10-02,2016485,EDT.E.32,202610029908510854,G?,"Futura Color, Inc.,",Walkpieces
unmatched,C00030718|2016379|EF6ECFD130E8C4CE5A78|ie,efile,ie,True,C00030718,NATIONAL ASSOCIATION OF REALTORS POLITICAL ACTION COMMITTEE,,,"Hinson, Ashley",,,S,,40700.0,2026-10-01,2026-10-02,2016379,EF6ECFD130E8C4CE5A78,202610029908508829,G?,"Meath Media Group,",Online video production costs
unmatched,C00030718|2016379|EA22639EB1BC9448D814|ie,efile,ie,True,C00030718,NATIONAL ASSOCIATION OF REALTORS POLITICAL ACTION COMMITTEE,,,"Hinson, Ashley",,,S,,43157.0,2026-10-01,2026-10-02,2016379,EA22639EB1BC9448D814,202610029908508829,G?,"Bridge Impact LLC,","Digital Ad buys, Meta & GIFs"
unmatched,C00030718|2016379|E29050F4BF69D49E9ADC|ie,efile,ie,True,C00030718,NATIONAL ASSOCIATION OF REALTORS POLITICAL ACTION COMMITTEE,,,"Hinson, Ashley",,,S,,1800.0,2026-10-01,2026-10-02,2016379,E29050F4BF69D49E9ADC,202610029908508830,G?,"National Association of REALTORS,",Administrative Consulting
unmatched,C00688432|2016485|PDT.E.146|ie,efile,ie,True,C00688432,PLANNED PARENTHOOD ACTION FUND OF THE PACIFIC SOUTHWEST PAC,,,"Wilpert, Marni von",,,S,,50000.0,2026-09-25,2026-10-02,2016485,PDT.E.146,202610029908510853,G?,"Stones' Phones,",Phonebanking (estimate)
unmatched,C00688432|2016485|PDT.E.148|ie,efile,ie,True,C00688432,PLANNED PARENTHOOD ACTION FUND OF THE PACIFIC SOUTHWEST PAC,,,"Wilpert, Marni von",,,S,,1970.0,2026-10-01,2026-10-02,2016485,PDT.E.148,202610029908510855,G?,"Planned Parenthood Action Fund of the Pacific Southwest,",Canvassing/Phonebanking 10/01/26 to 10/14/26 (estimate)
unmatched,C00688432|2016485|PDT.E.149|ie,efile,ie,True,C00688432,PLANNED PARENTHOOD ACTION FUND OF THE PACIFIC SOUTHWEST PAC,,,"Wilpert, Marni von",,,S,,2397.0,2026-09-17,2026-10-02,2016485,PDT.E.149,202610029908510853,G?,"Planned Parenthood Action Fund of the Pacific Southwest,",Phonebanking 09/17/26 to 09/30/26 (estimates)
unmatched,C00489799|2016535|500761463|ie,efile,ie,False,C00489799,PLANNED PARENTHOOD VOTES,,,"O'Donnell, Marty",,,O,,12500.0,2026-08-12,2026-10-02,2016535,500761463,202610029908512044,G?,"The Outreach Team, LLC,",Estimated Cost of Canvassing Services
unmatched,C00489799|2016535|500766919|ie,efile,ie,False,C00489799,PLANNED PARENTHOOD VOTES,,,"O'Donnell, Marty",,,O,,90.0,2026-08-12,2026-10-02,2016535,500766919,202610029908512040,G?,"Planned Parenthood Advocates Mar Monte,",Estimated Cost of Staff Time for Voter Communications
unmatched,C00556860|2016505|PDT.E.229|ie,efile,ie,True,C00556860,PLANNED PARENTHOOD AFFILIATES OF CALIFORNIA VOTES PAC,,,"Wilpert, Marni Von",,,S,,1000.0,2026-09-29,2026-10-02,2016505,PDT.E.229,202610029908510949,G?,"76 Words Company,","Website (Estimate); Aggregates to $10,000 on 9/30/26"
unmatched,C00255695|1882155|SF.278116|coord,sched_f,coord,False,C00255695,,,H8GA13027,"COWEN, MARTIN LINDSEY MR III",,,S,,644.0,2025-02-21,2025-03-26,1882155,SF.278116,202503209754429894,G,BB&T - TRUIST BANK,BANK FEES
unmatched,C00253260|1893913|SF.46500|coord,sched_f,coord,False,C00253260,,,H6AK00045,"YOUNG, DONALD E",,,S,,-800.0,2025-02-28,2025-05-25,1893913,SF.46500,202505239761720494,G,THE ALASKA LANDMINE,VOIDED PAYMENT- 9/11/20 CHECK NOT CASHED
unmatched,C00255695|1891118|SF.280599|coord,sched_f,coord,False,C00255695,,,H8GA13027,"COWEN, MARTIN LINDSEY MR III",,,S,,395.0,2025-03-21,2025-05-07,1891118,SF.280599,202505059759035400,G,BB&T - TRUIST BANK,BANK FEES
unmatched,C00044842|2008366|F01FF99A86641409181E|coord,sched_f,coord,False,C00044842,,,H4PA07118,"MACKENZIE, RYAN EDWARD",,,S,,36.0,2026-07-03,2026-09-09,2008366,F01FF99A86641409181E,202608209899658448,G,CAMPAIGN SIDEKICK,PHONE ADVERTISING
unmatched,C00044842|2008366|FC8A4A202347A4751A7A|coord,sched_f,coord,False,C00044842,,,H4PA07118,"MACKENZIE, RYAN EDWARD",,,S,,59.0,2026-07-07,2026-09-09,2008366,FC8A4A202347A4751A7A,202608209899658447,G,CAMPAIGN SIDEKICK,PHONE ADVERTISING
unmatched,C00000935|2012660|SF-1111264|coord,sched_f,coord,False,C00000935,,,H6AZ01280,"GALAN-WOODS, MARLENE",,,S,,225000.0,2026-07-15,2026-09-30,2012660,SF-1111264,202609179904292617,G,"AL MEDIA, LLC",MEDIA BUY
unmatched,C00042366|2008622|SF-304719|coord,sched_f,coord,False,C00042366,,,,"JACKSON, TROY",,,S,,190000.0,2026-07-16,2026-09-02,2008622,SF-304719,202608209899713528,G,LIFTOFF CAMPAIGNS LLC,MEDIA
unmatched,C00042366|2008622|SF-304721|coord,sched_f,coord,False,C00042366,,,,"PELTOLA, MARY",,,S,,6.0,2026-07-23,2026-09-02,2008622,SF-304721,202608209899713528,G,"MISSIONWIRED ANNE LEWIS STRATEGIES, LL",MEDIA
unmatched,C00042366|2008622|SF-304724|coord,sched_f,coord,False,C00042366,,,,"BROWN, SHERROD",,,S,,41.0,2026-07-23,2026-09-02,2008622,SF-304724,202608209899713529,G,"MISSIONWIRED ANNE LEWIS STRATEGIES, LL",MEDIA
unmatched,C00042366|2008622|SF-304723|coord,sched_f,coord,False,C00042366,,,,"COOPER, ROY",,,S,,47.0,2026-07-23,2026-09-02,2008622,SF-304723,202608209899713529,G,"MISSIONWIRED ANNE LEWIS STRATEGIES, LL",MEDIA
unmatched,C00042366|2008622|SF-304722|coord,sched_f,coord,False,C00042366,,,,"OSSOFF, JON",,,S,,46.0,2026-07-23,2026-09-02,2008622,SF-304722,202608209899713528,G,"MISSIONWIRED ANNE LEWIS STRATEGIES, LL",MEDIA
unmatched,C00044842|2013743|F58573AB459784128915|coord,sched_f,coord,False,C00044842,,,H4PA07118,"MACKENZIE, RYAN EDWARD",,,S,,59.0,2026-08-06,2026-09-30,2013743,F58573AB459784128915,202609189904397131,G,CAMPAIGN SIDEKICK,PHONE ADVERTISING
unmatched,C00105668|2013717|X.FALC.15390|coord,sched_f,coord,False,C00105668,,,,"WILPERT, MARNI VON",,,S,,37500.0,2026-08-20,2026-09-29,2013717,X.FALC.15390,202609189904393946,G,"AMPLIFY CAMPAIGNS, LLC",DIRECT MAIL PRODUCTION AND POSTAGE
unmatched,C00105668|2013717|X.FALC.15388|coord,sched_f,coord,False,C00105668,,,,"GRAY, ADAM",,,S,,30.0,2026-08-27,2026-09-29,2013717,X.FALC.15388,202609189904393946,G,"DE LEON VILLEGAS, MARVIN R.",TRANSLATION SERVICES
unmatched,C00105668|2013717|X.FALC.15401|coord,sched_f,coord,False,C00105668,,,,"GRAY, ADAM",,,S,,31120.0,2026-08-31,2026-09-29,2013717,X.FALC.15401,202609189904393947,G,OVERLAND STRATEGIES LLC,DIRECT MAIL PRODUCTION AND POSTAGE
unmatched,C00105668|2013717|X.FALC.15400|coord,sched_f,coord,False,C00105668,,,,"WILPERT, MARNI VON",,,S,,37000.0,2026-08-31,2026-09-29,2013717,X.FALC.15400,202609189904393946,G,"AMPLIFY CAMPAIGNS, LLC",DIRECT MAIL PRODUCTION AND POSTAGE
unmatched,C00532606|1890519|None|ie,processed,ie,False,C00532606,WYOMING COUNTY DEMOCRATIC COMMITTEE,,,,,,,,125.0,2025-03-20,2025-04-03,1890519,,202504100300502365,G?,NY DEMOCRATIC RURAL CONFERENCE,
unmatched,C00761064|2002534|500090111|ie,processed,ie,False,C00761064,API PA VOTES,,H4PA14106,"DZIADOS, CHRISTOPHER RYAN",,,S,,95.16,2024-10-30,2026-07-28,2002534,500090111,202607289894482568,G,GLOBAL WORDSMITHS,DIGITAL ADVERTISING
unmatched,C00761064|2002534|500090112|ie,processed,ie,False,C00761064,API PA VOTES,,H4PA15145,"WOMER, ZACH",,,S,,95.16,2024-10-30,2026-07-28,2002534,500090112,202607289894482582,G,GLOBAL WORDSMITHS,DIGITAL ADVERTISING
unmatched,C00879882|1914299|None|ie,processed,ie,False,C00879882,SUSQUEHANNA COUNTY DEMOCRATIC COMMITTEE,,,,,,O,,159.0,2025-06-18,2025-07-28,1914299,,202507280300508421,G,LYNDO CYPRUS,REIMBURSE AD
held,C00945709|1957524|WFT2026331149-1|ie,bulk,ie,True,C00945709,SHAWN BETTIS,,,"Bettis, Shawn",,,S,,1000000000.0,2026-04-03,2026-04-03,1957524,WFT2026331149-1,202604039856946139,G,Warren Buffet/ Shawn Bettis,Senate
held,C00946087|1970917|WFT20263231329-1|ie,bulk,ie,True,C00946087,WARREN BUFFET,,,"Bettis, Shawn",,,O,,1000000000.0,2026-04-22,2026-04-23,1970917,WFT20263231329-1,202604239866686016,G,Shawn Bettis,"Djia, SP, Dow"
held,C00946087|1975237|WFT20264151433-1|ie,bulk,ie,True,C00946087,WARREN BUFFET APPLE INC.,,,"Bettis, Shawn",,,O,,1000000000.0,2026-05-13,2026-05-15,1975237,WFT20264151433-1,202605159866974500,G,Warren Buffet Apple Inc.,Dow Jones
held,C00946087|1975235|WFT20264151426-1|ie,bulk,ie,True,C00946087,WARREN BUFFET APPLE INC.,,,"Bettis, Shawn",,,O,,1000000000.0,2026-05-14,2026-05-15,1975235,WFT20264151426-1,202605159866974497,G,Warren Buffet Apple Inc.,"Apple Inc, Dow jones"
held,C00946087|1975315|WFT20264151648-1|ie,bulk,ie,True,C00946087,WARREN BUFFET APPLE INC.,,,"Bettis, Shawn",,,S,,1000000000.0,2026-05-15,2026-05-15,1975315,WFT20264151648-1,202605159866976421,G,"Bettis, Shawn",Boeing Company
held,C00946087|1957531|WFT202633125-1|ie,bulk,ie,True,C00946087,Warren Buffet,,,"Bettis, Shawn",,,O,,9000000000.0,2026-04-03,2026-04-03,1957531,WFT202633125-1,202604039856946189,G,Warren Buffet,Delta Exchange
