race_id,office,state,district,holder_party,holder_uncertain,open_seat,total,last_7d,dem_party_ie,dem_party_coord,dem_outside,dem_super_pac,dem_total,dem_last_7d,dem_first_party_dollar,dem_side,dem_nominee_candidate_id,dem_nominee_name,dem_nominee_basis,dem_nominee_receipts,dem_nominee_coh,dem_nominee_late_48h,dem_nominee_from_party,dem_nominee_through,rep_party_ie,rep_party_coord,rep_outside,rep_super_pac,rep_total,rep_last_7d,rep_first_party_dollar,rep_side,rep_nominee_candidate_id,rep_nominee_name,rep_nominee_basis,rep_nominee_receipts,rep_nominee_coh,rep_nominee_late_48h,rep_nominee_from_party,rep_nominee_through,split_signal,note
S-TX,S,TX,,REP,False,False,226318252.62,19707791.34,0.0,3565.0,23266085.22,23204762.97,23269650.22,902775.63,2026-08-11,offense,S6TX00479,"TALARICO, JAMES",ie,68560930.42,21548155.08,0,0.0,2026-06-30,0.0,0.0,203048602.4,201981918.62,203048602.4,18805015.71,,defense,S6TX00388,"PAXTON, WARREN KENNETH JR.",ie,9248698.53,1755783.35,0,62000.0,2026-06-30,True,
S-OH,S,OH,,REP,False,False,153948324.72,31582876.27,0.0,17693.0,55064514.37,53958219.13,55082207.37,15993699.8,2026-08-11,offense,S6OH00163,"BROWN, SHERROD",ie,38566234.1,16229741.32,0,200.0,2026-06-30,0.0,1152180.0,97713937.35,96525599.41,98866117.35,15589176.47,2026-07-24,defense,S6OH00304,"HUSTED, JON",ie,14360027.53,9419311.2,0,62050.0,2026-06-30,True,
S-MI,S,MI,,DEM,False,False,104796798.15,10470581.11,0.0,332537.0,31355282.49,30344708.09,31687819.49,1478960.45,2026-05-06,defense,S6MI00418,"EL-SAYED, ABDUL",ie,14514335.93,2552762.55,0,0.0,2026-07-15,0.0,0.0,73108978.66,72147891.08,73108978.66,8991620.66,,offense,S4MI00595,"ROGERS, MICHAEL J",ie,10898177.09,4473237.49,0,62000.0,2026-07-15,True,
S-IA,S,IA,,REP,False,False,76557433.27,16734552.48,0.0,33837.0,29847641.43,29833189.83,29881478.43,6709805.55,2026-08-18,offense,S6IA00298,"TUREK, JOSHUA",ie,6276526.9,2362313.78,0,62000.0,2026-06-30,0.0,526499.0,46149455.84,46103905.84,46675954.84,10024746.93,2026-07-24,defense,S6IA00314,"ARENHOLZ, ASHLEY HINSON",ie,10217845.39,6749491.49,0,62000.0,2026-06-30,False,
S-NC,S,NC,,REP,False,False,73561500.0,2109445.71,0.0,3351788.0,25656816.61,24594315.19,29008604.61,186081.63,2026-08-11,offense,S6NC00407,"COOPER, ROY",ie,34975789.18,20717567.26,0,70528.23,2026-06-30,0.0,0.0,44552895.39,44426691.98,44552895.39,1923364.08,,defense,S6NC00415,"WHATLEY, MICHAEL",ie,11272504.49,3461698.06,0,62000.0,2026-06-30,True,
S-ME,S,ME,,REP,False,False,69004683.59,6710820.38,0.0,383677.0,20701280.98,19474542.51,21084957.98,278795.41,2026-08-13,offense,S6ME00464,"JACKSON, TROY DALE",ie,0.0,0.0,0,0.0,,0.0,174236.0,47745489.61,46672616.6,47919725.61,6432024.97,2026-07-24,defense,S6ME00159,"COLLINS, SUSAN M.",ie,16169827.43,11038115.42,0,62000.0,2026-06-30,False,"Democratic nominee Troy Jackson replaced Graham Platner, whose campaign raised $21M through June 30. None of that counts for Jackson: his committee (C00955609) registered after the June 30 cutoff and files its first report Oct. 15. Until then, Maine's Democratic candidate money reads as zero, so the race is left out of split signals."
S-AK,S,AK,,REP,False,False,42945988.06,8053079.27,0.0,1858248.0,17883934.14,17335178.01,19742182.14,2654501.39,2026-07-17,offense,S6AK00276,"PELTOLA, MARY",ie,18545132.43,4636755.08,0,1500.0,2026-07-29,0.0,136570.0,23067235.92,23067235.92,23203805.92,5398577.88,2026-07-24,defense,S4AK00214,"SULLIVAN, DAN",ie,9136966.96,7295069.2,0,62000.0,2026-07-29,True,
S-NH,S,NH,,DEM,False,False,29329135.17,5818381.42,0.0,0.0,9012332.87,8718726.87,9012332.87,87247.22,,defense,S6NH00141,"PAPPAS, CHRIS",ie,15384656.83,4251917.81,0,1500.0,2026-08-19,0.0,75782.0,20241020.3,20083554.69,20316802.3,5731134.2,2026-07-24,offense,S6NH00208,"SUNUNU, JOHN E",ie,4180251.88,3070033.12,0,62000.0,2026-08-19,True,
S-GA,S,GA,,DEM,False,False,24514160.69,1220920.3,0.0,6066.0,9396971.59,9317197.31,9403037.59,41917.22,2026-08-11,defense,S8GA00180,"OSSOFF, T. JONATHAN",ie,77279766.48,42587451.0,0,11000.0,2026-06-30,0.0,0.0,15111123.1,14997842.94,15111123.1,1179003.08,,offense,S6GA00390,"COLLINS, MICHAEL A JR",ie,7409349.22,2079981.42,0,0.0,2026-06-30,True,
H-CO-08,H,CO,08,REP,False,False,12038844.77,1639131.74,0.0,544697.0,4459255.77,3869753.08,5003952.77,459743.33,2026-08-13,offense,H6CO08013,"RUTINEL, MANNY",ie,4336987.53,601232.01,0,0.0,2026-06-30,0.0,0.0,7034892.0,6869088.04,7034892.0,1179388.41,,defense,H4CO08034,"EVANS, TIMOTHY GABRIEL JOSEPH",ie,5393673.36,3880462.51,0,5000.0,2026-06-30,False,
H-CA-22,H,CA,22,REP,False,False,10841274.13,1837642.61,0.0,390160.0,5753062.23,5045553.03,6143222.23,687917.71,2026-05-28,offense,H6CA22190,"VILLEGAS, RANDY",ie,2645565.53,571792.32,0,5.04,2026-06-30,0.0,404547.0,4293504.9,4233374.9,4698051.9,1149724.9,2026-08-25,defense,H2CA20094,"VALADAO, DAVID",ie,4927601.63,3365587.25,0,10000.0,2026-06-30,True,
H-TX-34,H,TX,34,DEM,False,False,10401058.75,1512092.75,0.0,500143.0,4925347.62,3725191.57,5425490.62,33149.65,2026-07-31,defense,H6TX15162,"GONZALEZ, VICENTE",ie,3773915.07,2532412.14,0,4788.47,2026-06-30,0.0,0.0,4975568.13,4936871.33,4975568.13,1478943.1,,offense,H6TX34080,"FLORES, ERIC",ie,2874990.24,686332.0,0,5000.0,2026-06-30,False,
H-IA-01,H,IA,01,REP,False,False,10301493.39,1569225.64,0.0,15300.0,4271804.14,4257409.78,4287104.14,63656.59,2026-08-13,offense,H2IA02111,"BOHANNAN, CHRISTINA",ie,7051745.42,5425318.34,0,10720.79,2026-06-30,0.0,773058.0,5241331.25,5241331.25,6014389.25,1505569.05,2026-08-18,defense,H8IA02043,"MILLER-MEEKS, MARIANNETTE JANE",ie,7208271.35,4691480.55,0,5000.0,2026-06-30,False,
H-FL-25,H,FL,25,DEM,True,False,10253943.24,3862656.85,0.0,54934.0,2518668.68,2518656.18,2573602.68,1286527.26,2026-08-28,,H2FL22171,"MOSKOWITZ, JARED",ie,2998428.2,1882634.29,0,0.0,2026-07-29,0.0,0.0,7680340.56,7680340.56,7680340.56,2576129.59,,,H6FL23188,"SINGER, SCOTT M.",ie,2265701.71,485461.02,0,0.0,2026-07-29,True,
H-MI-04,H,MI,04,REP,False,False,10129797.69,1085860.18,0.0,15300.0,5136357.73,5124161.06,5151657.73,99033.37,2026-08-13,offense,H6MI04204,"MCCANN, SEAN",ie,2620010.89,1686239.57,0,0.0,2026-07-15,0.0,430000.0,4548139.96,4548139.96,4978139.96,986826.81,2026-08-31,defense,H0MI02094,"HUIZENGA, WILLIAM P",ie,4093991.01,2268746.6,0,0.0,2026-07-15,False,
H-NC-01,H,NC,01,DEM,False,False,9468158.79,1829735.34,0.0,406353.0,4361946.16,4261294.16,4768299.16,143307.04,2026-06-29,defense,H2NC02287,"DAVIS, DON",ie,4287385.78,3570365.96,0,5543.04,2026-06-30,0.0,355680.0,4344179.63,4344179.63,4699859.63,1686428.3,2026-08-31,offense,H4NC01137,"BUCKHOUT, LAURIE",ie,3793076.8,1829660.83,0,5000.0,2026-06-30,False,
H-MI-07,H,MI,07,REP,False,False,8968282.96,1634947.53,0.0,0.0,4159054.29,4132319.94,4159054.29,567316.91,,offense,H6MI07298,"LAWRENCE, WILLIAM",ie,1119197.76,383115.63,0,0.0,2026-07-15,0.0,27000.0,4782228.67,4744201.2,4809228.67,1067630.62,2026-08-20,defense,H2MI07123,"BARRETT, THOMAS MORE",ie,6306827.61,2871871.94,0,5000.0,2026-07-15,False,
H-FL-14,H,FL,14,DEM,False,False,8697829.6,3666706.83,0.0,0.0,2247890.63,1898578.13,2247890.63,275257.84,,defense,H6FL11126,"CASTOR, KATHY",ie,2337999.31,1744723.0,0,417.44,2026-07-29,0.0,0.0,6449938.97,6449938.97,6449938.97,3391448.99,,offense,H6FL14237,"BELTRAN, MIKE",ie,2125730.45,1948846.62,0,0.0,2026-07-29,False,
H-NC-11,H,NC,11,REP,False,False,8339937.61,1603087.03,0.0,0.0,5098366.44,5088246.12,5098366.44,460199.39,,offense,H6NC11248,"AGER, JAMIE",ie,3052354.24,2184777.78,0,8220.78,2026-06-30,0.0,0.0,3241571.17,3241571.17,3241571.17,1142887.64,,defense,H6NC11321,"BALKCOM, JENNIFER",ie,0.0,0.0,0,0.0,,False,
H-WI-03,H,WI,03,REP,False,False,8134456.46,1921860.95,0.0,15400.0,4035716.69,3939670.52,4051116.69,332896.23,2026-08-13,offense,H4WI03169,"COOKE, REBECCA",ie,8601145.96,1826605.06,0,0.0,2026-07-22,0.0,1018481.0,3064858.77,3064858.77,4083339.77,1588964.72,2026-08-20,defense,H0WI03175,"VAN ORDEN, DERRICK F. MR.",ie,7526052.22,4677029.04,0,15000.0,2026-07-22,False,
H-OH-09,H,OH,09,DEM,False,False,8094790.43,1010883.27,0.0,158610.0,3125620.84,2539105.09,3284230.84,214200.87,2026-07-31,defense,H2OH09031,"KAPTUR, MARCY HON. M.C.",ie,4303415.64,3491668.0,0,0.0,2026-06-30,0.0,342387.0,4468172.59,4464081.28,4810559.59,796682.4,2026-08-24,offense,H4OH09169,"MERRIN, DEREK",ie,1508952.61,531214.34,0,0.0,2026-06-30,True,
H-AZ-06,H,AZ,06,REP,False,False,8040340.73,1779247.08,0.0,199368.0,3531513.43,2987954.0,3730881.43,796685.65,2026-08-21,offense,H6AZ06099,"MENDOZA, JOANNA",ie,7354808.32,3260876.6,0,220.79,2026-07-01,0.0,250696.0,4058763.3,3952622.3,4309459.3,982561.43,2026-08-19,defense,H2AZ02360,"CISCOMANI, JUAN",ie,6172866.72,4135162.85,0,5000.0,2026-07-01,True,
H-PA-08,H,PA,08,REP,False,False,7912599.22,965870.2,0.0,237882.0,3812423.17,3732298.17,4050305.17,162877.72,2026-07-24,offense,H6PA08293,"COGNETTI, PAIGE",ie,4609588.63,3406709.73,0,6728.17,2026-06-30,0.0,621424.0,3240870.05,3240870.05,3862294.05,802992.48,2026-08-03,defense,H4PA08124,"BRESNAHAN, ROB",ie,5234585.93,2608048.04,0,5000.0,2026-06-30,False,
S-KS,S,KS,,REP,False,False,7903772.14,2065944.68,0.0,0.0,5312486.53,5312486.53,5312486.53,886103.0,,offense,S6KS00312,"HAMILTON, ADAM",ie,4169077.81,1730620.91,0,0.0,2026-07-15,0.0,0.0,2591285.61,2591285.61,2591285.61,1179841.68,,defense,S0KS00315,"MARSHALL, ROGER W",ie,4009074.73,5388078.28,0,62000.0,2026-07-15,False,
H-PA-10,H,PA,10,REP,False,False,7854697.39,968143.44,0.0,0.0,3047369.31,2994266.83,3047369.31,147690.83,,offense,H4PA10104,"STELSON, JANELLE",ie,6364068.76,4478639.42,0,6728.17,2026-06-30,0.0,124821.0,4682507.08,4642052.58,4807328.08,820452.61,2026-08-28,defense,H2PA04135,"PERRY, SCOTT",ie,5194925.35,2845975.82,0,5000.0,2026-06-30,True,
H-AZ-01,H,AZ,01,REP,False,False,7768543.09,2422335.36,0.0,70940.0,2823087.34,2822999.2,2894027.34,328053.68,2026-08-13,offense,H4AZ01194,"SHAH, AMISH DR.",ie,1830193.49,401744.74,0,0.0,2026-07-01,0.0,0.0,4874515.75,4858456.8,4874515.75,2094281.68,,defense,H6AZ05190,"FEELY, THOMAS JAMES",ie,2528497.1,794474.88,0,5000.0,2026-07-31,False,
H-IA-02,H,IA,02,REP,False,False,7587179.18,905143.98,0.0,0.0,4453671.37,4396484.3,4453671.37,19598.33,,offense,H6IA02211,"JAMES, LINDSAY",ie,1628201.37,755838.2,0,10600.0,2026-06-30,0.0,0.0,3133507.81,3133507.81,3133507.81,885545.65,,defense,H6IA02237,"MITCHELL, JOE",ie,1938593.0,895564.08,0,5000.0,2026-06-30,True,
H-NJ-07,H,NJ,07,REP,False,False,7540326.14,2358947.15,0.0,52500.0,2447656.52,2447656.52,2500156.52,19193.44,2026-08-24,offense,H6NJ07201,"BENNETT, REBECCA",ie,4272033.75,1445694.05,0,220.78,2026-06-30,0.0,408450.0,4631719.62,4548807.64,5040169.62,2339753.71,2026-08-24,defense,H0NJ07261,"KEAN, THOMAS H. JR.",ie,4892806.59,3634205.35,0,5000.0,2026-06-30,False,
S-FL,S,FL,,REP,False,False,7483042.79,2531967.76,0.0,0.0,189062.26,189049.76,189062.26,189049.76,,offense,S6FL00830,"NIXON, ANGELA",ie,974844.71,264978.36,0,0.0,2026-07-29,0.0,0.0,7293980.53,7293980.53,7293980.53,2342918.0,,defense,S6FL00640,"MOODY, ASHLEY",ie,11270804.54,8491175.43,0,62000.0,2026-07-29,False,
H-NY-03,H,NY,03,DEM,False,False,7234969.15,2675129.31,0.0,19676.0,338469.84,338469.84,358145.84,0.0,2026-08-20,defense,H6NY03247,"SUOZZI, THOMAS",ie,5456697.74,5679950.24,0,4999.13,2026-06-30,0.0,21250.0,6855573.31,6855573.31,6876823.31,2675129.31,2026-08-18,offense,H0NY02267,"LIPETRI, MIKE",ie,1666542.06,723056.14,0,8200.0,2026-09-30,True,
H-VA-02,H,VA,02,REP,False,False,6857503.37,1444622.04,0.0,19395.0,3699838.88,3699838.88,3719233.88,113089.88,2026-08-07,offense,H6VA02198,"LURIA, ELAINE",ie,4659795.3,3582723.21,0,220.77,2026-07-15,0.0,154000.0,2984269.49,2984269.49,3138269.49,1331532.16,2026-08-31,defense,H2VA02064,"KIGGANS, JENNIFER",ie,5954338.07,3391740.42,0,5500.0,2026-07-15,True,
H-WA-03,H,WA,03,DEM,False,False,6832425.96,1554582.28,0.0,258555.0,701267.67,701267.67,959822.67,56915.25,2026-07-10,defense,H2WA03217,"GLUESENKAMP PEREZ, MARIE",ie,6292682.63,2064819.51,0,2905.31,2026-07-15,0.0,601196.0,5271407.29,5271407.29,5872603.29,1497667.03,2026-08-31,offense,H6WA03275,"BRAUN, JOHN",ie,2214441.26,1267034.84,0,0.0,2026-08-18,True,
H-NY-17,H,NY,17,REP,False,False,6724078.17,2272216.36,0.0,450813.0,2222214.29,2222214.29,2673027.29,826520.59,2026-06-18,offense,H6NY17171,"CONLEY, CAIT",ie,4317457.32,1319156.47,0,0.0,2026-06-30,0.0,92619.0,3958431.88,3958431.88,4051050.88,1445695.77,2026-08-24,defense,H2NY17162,"LAWLER, MICHAEL VINCENT",ie,8172045.6,4841305.62,0,5270.0,2026-06-30,False,
H-OH-07,H,OH,07,REP,False,False,5741663.18,1393268.95,0.0,0.0,4224794.58,4106962.78,4224794.58,217899.66,,offense,H6OH07168,"POINDEXTER, BRIAN",ie,603155.59,312290.17,0,0.0,2026-06-30,0.0,0.0,1516868.6,1516868.6,1516868.6,1175369.29,,defense,H2OH16051,"MILLER, MAX",ie,2142561.93,1379131.85,0,0.0,2026-06-30,True,
H-ME-02,H,ME,02,DEM,False,False,5539949.53,1270974.06,0.0,40000.0,2789026.61,2786111.61,2829026.61,37500.0,2026-06-01,defense,H6ME02171,"DUNLAP, MATT",ie,1205431.88,228649.15,0,0.0,2026-06-30,0.0,0.0,2710922.92,2687924.86,2710922.92,1233474.06,,offense,H6ME02148,"LEPAGE, PAUL",ie,2563901.48,1685710.5,0,5000.0,2026-06-30,False,
H-MI-10,H,MI,10,REP,False,False,5488649.62,2025253.88,0.0,15300.0,2159217.72,1699717.72,2174517.72,230456.95,2026-08-13,offense,H6MI10276,"HINES, CHRISTINA",ie,1211488.64,158196.17,0,0.0,2026-07-15,0.0,0.0,3314131.9,3314131.9,3314131.9,1794796.93,,defense,H6MI10359,"BOUCHARD, MICHAEL",ie,1623745.43,1144520.09,0,0.0,2026-08-19,False,
H-TX-15,H,TX,15,REP,False,False,5349806.27,843766.47,0.0,2850.0,2612739.61,2612739.61,2615589.61,112196.28,2026-08-21,offense,H6TX15246,"PULIDO, BOBBY",ie,2960461.93,1155936.36,0,220.77,2026-06-30,0.0,0.0,2734216.66,2702041.66,2734216.66,731570.19,,defense,H0TX15124,"DE LA CRUZ, MONICA",ie,5273959.93,2463322.86,0,0.0,2026-06-30,False,
H-PA-07,H,PA,07,REP,False,False,5310120.88,2225042.14,0.0,338500.0,1577325.77,1272786.29,1915825.77,606337.41,2026-05-12,offense,H6PA07188,"BROOKS, BOB",ie,2392215.23,1018422.84,0,5000.0,2026-06-30,0.0,64952.0,3329343.11,3296293.11,3394295.11,1618704.73,2026-08-21,defense,H8PA15195,"MACKENZIE, RYAN EDWARD",ie,4357405.11,2938717.17,0,5000.0,2026-06-30,False,
H-IA-03,H,IA,03,REP,False,False,5159375.01,677999.87,0.0,83798.0,2012081.34,1159093.29,2095879.34,77769.42,2026-08-13,offense,H6IA03268,"TRONE GARRIOTT, SARAH",ie,5293772.59,3859683.22,0,11434.65,2026-06-30,0.0,343557.0,2719938.67,2681017.65,3063495.67,600230.45,2026-08-31,defense,H2IA03119,"NUNN, ZACH",ie,4869248.8,3568369.39,0,5000.0,2026-06-30,True,
S-NE,S,NE,,REP,False,False,5138048.98,406172.02,0.0,0.0,4933412.74,4933412.74,4933412.74,206172.02,,offense,S6NE00160,"FORBES, WILLIAM",receipts,1000.0,0.0,0,0.0,2026-05-21,0.0,0.0,204636.24,200000.0,204636.24,200000.0,,defense,S6NE00129,"RICKETTS, PETE",ie,11233506.7,6910969.9,0,62000.0,2026-06-30,False,
H-TX-28,H,TX,28,DEM,False,False,5042004.34,1119997.47,0.0,308438.0,1338218.01,836062.88,1646656.01,0.0,2026-07-31,defense,H2TX23082,"CUELLAR, HENRY R.",ie,2231952.32,1129603.88,0,5465.69,2026-06-30,0.0,177218.0,3218130.33,3218130.33,3395348.33,1119997.47,2026-08-27,offense,H6TX28124,"TIJERINA, TANO",ie,1399881.03,768188.13,0,5000.0,2026-06-30,True,
H-TX-35,H,TX,35,DEM,True,True,4914214.99,2178795.28,0.0,35000.0,1361957.08,1261957.08,1396957.08,1257294.97,2026-05-22,,H6TX35095,"GARCIA, JOHNNY",ie,931699.38,323108.19,0,5228.77,2026-06-30,0.0,16919.0,3500338.91,3500338.91,3517257.91,921500.31,2026-08-18,,H6TX35087,"DE LA CRUZ, CARLOS JR.",ie,1048750.7,272388.92,0,0.0,2026-06-30,False,
H-AK-00,H,AK,00,REP,False,False,4794690.23,360614.49,0.0,0.0,2919016.97,2456650.51,2919016.97,340784.96,,offense,H4AK00164,"ERIC, HAFNER",ie,0.0,0.0,0,0.0,,0.0,263843.0,1611830.26,1611830.26,1875673.26,19829.53,2026-08-18,defense,H2AK01083,"BEGICH, NICHOLAS III",ie,5470446.24,3119157.79,0,5000.0,2026-07-29,False,
H-VA-01,H,VA,01,REP,False,False,4743466.15,386828.76,0.0,35480.0,4513907.83,4513907.83,4549387.83,359847.03,2026-08-21,offense,H6VA01299,"TAYLOR, SHANNON LEIGH",ie,2140980.12,1004227.46,0,220.77,2026-07-15,0.0,14766.0,179312.32,179312.32,194078.32,26981.73,2026-08-26,defense,H8VA01147,"WITTMAN, ROBERT J. MR.",ie,4053141.52,4292789.47,0,0.0,2026-07-15,True,
H-NM-02,H,NM,02,DEM,False,False,4361659.31,1190023.67,0.0,150340.0,1303022.24,517083.88,1453362.24,54454.14,2026-07-31,defense,H2NM02191,"VASQUEZ, GABRIEL",ie,3784102.3,2378703.24,0,4774.45,2026-06-30,0.0,27572.0,2880725.07,2880725.07,2908297.07,1135569.53,2026-08-19,offense,H6NM02127,"CUNNINGHAM, GREG",ie,1510080.06,794187.17,0,2000.0,2026-06-30,True,
S-MS,S,MS,,REP,False,False,3880261.11,632193.13,0.0,0.0,3385733.5,3385733.5,3385733.5,632193.13,,offense,S6MS00133,"COLOM, SCOTT",ie,2384921.14,847045.8,0,0.0,2026-06-30,0.0,0.0,494527.61,494527.61,494527.61,0.0,,defense,S8MS00261,"HYDE-SMITH, CINDY",ie,3825454.97,2535895.72,0,62000.0,2026-06-30,True,
H-CA-11,H,CA,11,DEM,False,False,3757503.71,329047.53,0.0,0.0,2673338.13,2673338.13,2673338.13,288852.87,,defense,H6CA11268,"CHAN, CONNIE",ie,1094321.06,362084.64,0,0.0,2026-06-30,0.0,0.0,1084165.58,984165.58,1084165.58,40194.66,,offense,H6CA11235,"GANEZER, DAVID L",receipts,60.33,7.96,0,0.0,2026-06-30,False,
H-CA-48,H,CA,48,REP,False,False,3635709.07,324541.21,0.0,394607.0,3034023.72,3034023.72,3428630.72,293184.7,2026-08-07,offense,H6CA48310,"VON WILPERT, MARNI",ie,2174872.25,825011.58,0,2034.86,2026-06-30,0.0,0.0,207078.35,207078.35,207078.35,31356.51,,defense,H6CA49128,"DESMOND, JIM",ie,2258835.81,1230031.32,0,0.0,2026-06-30,False,
H-NE-02,H,NE,02,REP,False,False,3397596.46,291235.17,0.0,96705.0,1502079.92,1502079.92,1598784.92,0.0,2026-07-24,offense,H6NE02174,"POWELL, DENISE",ie,2668287.0,997390.42,0,1105.78,2026-06-30,0.0,178449.0,1620362.54,1620362.54,1798811.54,291235.17,2026-08-31,defense,H6NE02208,"HARDING, BRINKER",ie,2034386.21,1070768.53,0,0.0,2026-06-30,False,
H-CO-05,H,CO,05,REP,False,False,3332469.74,696530.17,0.0,0.0,786896.99,786896.99,786896.99,287719.65,,offense,H6CO05324,"KILLIN, JESSICA WILLOW",ie,3143744.12,1592642.36,0,4989.22,2026-06-30,0.0,0.0,2545572.75,2545572.75,2545572.75,408810.52,,defense,H6CO05142,"CRANK, JEFF",ie,2177287.76,1465048.38,0,0.0,2026-06-30,True,
S-AR,S,AR,,REP,False,False,3315225.03,291275.0,0.0,0.0,0.0,0.0,0.0,0.0,,offense,S6AR00199,"SHOFFNER, HALLIE",ie,2269113.78,863578.12,0,9050.0,2026-06-30,0.0,0.0,3315225.03,3315225.03,3315225.03,291275.0,,defense,S4AR00103,"COTTON, THOMAS",receipts,6233116.56,9931884.93,0,62000.0,2026-06-30,False,
H-CA-13,H,CA,13,DEM,False,False,3247896.24,1772480.6,0.0,0.0,194844.85,193854.31,194844.85,193508.48,,defense,H2CA13115,"GRAY, ADAM C.",ie,4192448.14,2072111.19,0,4808.4,2026-06-30,0.0,123230.0,2929821.39,2901900.34,3053051.39,1578972.12,2026-05-22,offense,H4CA09093,"LINCOLN, KEVIN J II",ie,2237083.78,837885.23,0,0.0,2026-06-30,True,
S-MT,S,MT,,REP,False,False,3214458.23,223557.4,0.0,0.0,809489.29,804042.37,809489.29,5446.92,,offense,S6MT00253,"BANKHEAD, ALANI INES",ie,58829.06,21484.67,0,0.0,2026-06-30,0.0,0.0,2404968.94,2393772.02,2404968.94,218110.48,,defense,S6MT00295,"ALME, KURT",ie,1984860.91,1450718.79,0,62000.0,2026-06-30,False,
H-OH-01,H,OH,01,DEM,False,False,3144681.69,1054083.9,0.0,381146.0,579818.61,569290.55,960964.61,105730.3,2026-06-29,defense,H2OH01194,"LANDSMAN, GREG",ie,4633250.38,3610213.67,0,5945.47,2026-06-30,0.0,0.0,2183717.08,2183717.08,2183717.08,948353.6,,offense,H6OH01138,"CONROY, ERIC",ie,1513613.68,474156.2,0,0.0,2026-06-30,True,
H-MT-01,H,MT,01,REP,False,False,3123813.46,1039580.39,0.0,26194.0,682130.47,671236.63,708324.47,10893.84,2026-08-19,offense,H6MT01137,"FORSTAG, SAMUEL KELLEY",ie,1382873.3,550079.11,0,100.0,2026-06-30,67300.08,174473.0,2173715.91,2173715.91,2415488.99,1028686.55,2026-08-26,defense,H6MT01152,"FLINT, AARON",ie,1303393.72,502201.11,0,0.0,2026-06-30,False,
H-CA-40,H,CA,40,REP,True,False,2761173.47,138639.08,0.0,0.0,1757020.87,1757020.87,1757020.87,68576.08,,,H6CA40309,"VARET, ESTHER KIM",receipts,2940674.18,254688.54,0,0.0,2026-06-30,0.0,0.0,1004152.6,430462.6,1004152.6,70063.0,,,H8CA39240,"KIM, YOUNG",ie,8837238.63,1680489.97,0,10000.0,2026-06-30,False,
H-PA-01,H,PA,01,REP,False,False,2723604.62,208918.03,0.0,91490.0,1012898.21,984437.31,1104388.21,88730.11,2026-07-27,offense,H6PA01181,"HARVIE, ROBERT J",ie,2007499.25,794921.25,0,11950.0,2026-06-30,0.0,268688.0,1350528.41,1350528.41,1619216.41,120187.92,2026-06-18,defense,H6PA08277,"FITZPATRICK, BRIAN",ie,6734931.11,6355534.34,0,7100.0,2026-06-30,False,
H-KY-06,H,KY,06,REP,False,False,2234203.37,667851.66,0.0,0.0,1111956.13,1111956.13,1111956.13,262959.52,,offense,H6KY06184,"DEMBO, ZACH",ie,1463854.77,491275.42,0,0.0,2026-06-30,0.0,0.0,1122247.24,1122247.24,1122247.24,404892.14,,defense,H6KY06192,"ALVARADO, RALPH A",ie,1521812.83,398018.3,0,5000.0,2026-06-30,False,
H-FL-13,H,FL,13,REP,False,False,2155942.04,489845.27,0.0,15300.0,1614106.25,1614106.25,1629406.25,28582.0,2026-08-28,offense,H6FL13312,"GRAY, LEELA J",ie,1223069.43,683295.47,0,0.0,2026-07-29,0.0,0.0,526535.79,526535.79,526535.79,461263.27,,defense,H0FL13158,"PAULINA LUNA, ANNA",ie,3233311.85,1474124.32,0,0.0,2026-07-29,True,
H-WI-01,H,WI,01,REP,False,False,2134845.65,234810.38,0.0,0.0,472398.45,472398.45,472398.45,179816.73,,offense,H6WI01283,"BERMAN, MITCHELL",ie,712983.95,151643.67,0,0.0,2026-07-22,0.0,0.0,1662447.2,1662447.2,1662447.2,54993.65,,defense,H8WI01156,"STEIL, BRYAN GEORGE",ie,5467777.07,6327098.65,0,1000.0,2026-07-22,False,
H-OH-15,H,OH,15,REP,False,False,1985393.34,107897.94,0.0,0.0,1094634.54,1050504.06,1094634.54,42529.14,,offense,H6OH15112,"LEONARD, DON RALPH",ie,606657.6,252401.72,0,0.0,2026-06-30,0.0,0.0,890758.8,890758.8,890758.8,65368.8,,defense,H2OH15228,"CAREY, MIKE",ie,3299678.5,2056712.66,0,500.0,2026-06-30,False,
H-VA-05,H,VA,05,REP,False,False,1940126.78,284959.17,0.0,19395.0,1346781.56,1346781.56,1366176.56,88056.98,2026-08-07,offense,H6VA05217,"PERRIELLO, THOMAS",ie,2140401.63,1511291.47,0,0.0,2026-07-15,0.0,0.0,573950.22,573950.22,573950.22,196902.19,,defense,H0VA07133,"MCGUIRE, JOHN J. MR. III",ie,1781840.34,524345.91,0,0.0,2026-07-15,False,
H-MI-08,H,MI,08,DEM,False,False,1912139.48,553270.67,0.0,0.0,22247.62,22247.62,22247.62,0.0,,defense,H4MI08218,"MCDONALD RIVET, KRISTEN",ie,5644876.03,4254098.56,0,4221.33,2026-07-15,0.0,0.0,1889891.86,1889891.86,1889891.86,553270.67,,offense,H6MI08312,"SMITH, THOMAS JAMES MR",ie,243238.47,219799.13,0,0.0,2026-08-24,True,
H-OH-10,H,OH,10,REP,False,False,1853893.21,238292.0,0.0,0.0,1389627.21,1371422.21,1389627.21,0.0,,offense,H6OH10121,"KNICKERBOCKER, KRISTINA",ie,362665.53,125159.62,0,0.0,2026-06-30,0.0,0.0,464266.0,464266.0,464266.0,238292.0,,defense,H2OH03067,"TURNER, MICHAEL R REP.",ie,894594.6,556284.07,0,0.0,2026-06-30,True,
H-MN-01,H,MN,01,REP,False,False,1820864.13,65426.91,0.0,0.0,1724867.94,1724867.94,1724867.94,19430.72,,offense,H6MN01190,"JOHNSON, JACOB",ie,2000546.73,1011593.33,0,5000.0,2026-07-22,0.0,0.0,95996.19,95996.19,95996.19,45996.19,,defense,H2MN01223,"FINSTAD, BRAD",ie,2030569.31,1283923.18,0,0.0,2026-07-22,False,
H-TX-23,H,TX,23,REP,False,False,1634099.0,220089.18,0.0,0.0,370960.3,370960.3,370960.3,102960.3,,offense,H6TX23273,"STOUT, KATY PADILLA",ie,484915.03,171372.78,0,0.0,2026-06-30,0.0,118000.0,1145138.7,1145138.7,1263138.7,117128.88,2026-01-30,defense,H4TX23120,"HERRERA, BRANDON",ie,1937718.78,309023.45,0,0.0,2026-06-30,False,
H-AZ-02,H,AZ,02,REP,False,False,1576853.3,353251.83,0.0,0.0,717200.91,704094.82,717200.91,282463.92,,offense,H4AZ02184,"NEZ, JONATHAN MICHAEL",ie,3519760.15,1910990.15,0,220.79,2026-07-01,0.0,0.0,859652.39,859652.39,859652.39,70787.91,,defense,H2AZ01354,"CRANE, ELI",ie,9481427.94,2841744.86,0,1000.0,2026-07-01,False,
H-CA-04,H,CA,04,DEM,False,False,1440947.72,0.0,0.0,0.0,63864.0,0.0,63864.0,0.0,,defense,H8CA01109,"THOMPSON, MIKE MR.",ie,4204013.13,1075736.66,0,1834.72,2026-06-30,0.0,0.0,1377083.72,1377083.72,1377083.72,0.0,,offense,H4CA06156,"RIEHLE, RAYMOND",receipts,114861.33,4242.43,0,0.0,2026-06-30,False,
H-CA-07,H,CA,07,DEM,False,False,1396660.22,0.0,0.0,0.0,984499.24,517838.24,984499.24,0.0,,defense,H6CA07175,"VANG, MAI",ie,1086084.32,105536.01,0,0.0,2026-06-30,0.0,0.0,412160.98,400000.0,412160.98,0.0,,offense,H6CA07183,"MING, KATHRYN S",receipts,25.0,0.0,0,0.0,2026-01-28,False,
S-SC,S,SC,,REP,False,False,1340947.11,316595.0,0.0,0.0,175162.06,175162.06,175162.06,12500.0,,offense,S6SC04239,"ANDREWS, ANNIE",ie,10804040.5,4119295.0,0,0.0,2026-06-30,0.0,165205.0,1000580.05,1000580.05,1165785.05,304095.0,2026-07-29,defense,S6SC04437,"GRAHAM, DARLINE",ie,346782.64,251431.28,0,0.0,2026-08-05,True,"Sen. Lindsey Graham died in 2026. Darline Graham, appointed to the seat July 14, is the Republican nominee. Her committee's first report runs only through Aug. 5, so her fundraising here is partial until the Oct. 15 filing."
H-NV-02,H,NV,02,REP,False,False,1206988.75,0.0,0.0,0.0,0.0,0.0,0.0,0.0,,offense,H6NV02362,"BENITEZ-THOMPSON, TERESA",ie,257086.52,140607.07,0,0.0,2026-06-30,0.0,0.0,1206988.75,1206988.75,1206988.75,0.0,,defense,H4NV04108,"FLIPPO, DAVID",ie,2275392.31,117882.89,0,0.0,2026-06-30,False,
H-SC-01,H,SC,01,REP,False,False,1175216.62,81762.24,0.0,0.0,0.0,0.0,0.0,0.0,,offense,H6SC01359,"LACORE, NANCY",ie,2279584.94,412020.42,0,0.0,2026-06-30,0.0,0.0,1175216.62,1175216.62,1175216.62,81762.24,,defense,H6SC01334,"HONEYCUTT, JENNY COSTA",ie,556418.0,78533.35,0,0.0,2026-06-30,True,
H-NV-03,H,NV,03,DEM,False,False,1172363.65,81258.88,0.0,453276.0,235674.45,187914.13,688950.45,0.0,2026-08-10,defense,H6NV04020,"LEE, SUSIE",ie,4401421.35,3689228.41,0,5167.52,2026-06-30,0.0,201048.0,282365.2,282365.2,483413.2,81258.88,2026-08-18,offense,H4NV03225,"O'DONNELL, MARTY",ie,4026577.61,2409434.24,0,0.0,2026-06-30,False,
H-CO-03,H,CO,03,REP,False,False,1158181.36,441038.88,0.0,0.0,0.0,0.0,0.0,0.0,,offense,H6CO03253,"ROMERO, DWAYNE",ie,716575.68,84208.21,0,0.0,2026-06-30,0.0,390079.0,768102.36,752179.4,1158181.36,441038.88,2026-08-27,defense,H4CO03357,"HURD, JEFFREY",ie,3552599.03,1760849.14,0,50.0,2026-06-30,False,
H-LA-06,H,LA,06,DEM,False,False,1081049.27,478399.83,0.0,0.0,1053279.41,1053279.41,1053279.41,478399.83,,defense,H4LA06211,"FIELDS, CLEO",receipts,833358.49,436429.12,0,0.0,2026-07-18,0.0,0.0,27769.86,23753.1,27769.86,0.0,,offense,H6LA05226,"EDMONDS, RICK",ie,512092.45,314940.13,0,0.0,2026-07-18,False,
H-AL-02,H,AL,02,DEM,False,False,940080.1,263561.03,0.0,17880.0,115235.15,115235.15,133115.15,0.0,2026-07-27,defense,H4AL02170,"FIGURES, SHOMARI C.",ie,1355788.62,662600.18,0,42.02,2026-07-22,0.0,0.0,806964.95,806964.95,806964.95,263561.03,,offense,H6AL01086,"MARQUES, RHETT",ie,1318573.55,187717.81,0,0.0,2026-07-22,False,
H-NH-01,H,NH,01,DEM,False,False,925451.92,270194.99,0.0,0.0,534600.0,534600.0,534600.0,0.0,,defense,H6NH01321,"SHAHEEN, STEFANY",ie,2432372.1,604202.54,0,0.0,2026-08-19,0.0,0.0,390851.92,390851.92,390851.92,270194.99,,offense,H6NH01420,"DILORENZO, ANTHONY",ie,2509760.75,198068.76,0,0.0,2026-08-19,False,
H-MI-03,H,MI,03,DEM,False,False,778384.46,0.0,0.0,0.0,18063.72,18063.72,18063.72,0.0,,defense,H0MI03316,"SCHOLTEN, HILLARY",ie,2329122.24,1356572.91,0,1119.55,2026-07-15,0.0,0.0,760320.74,760320.74,760320.74,0.0,,offense,H6MI03198,"DEBOER, TERRI",ie,551696.73,361354.91,0,0.0,2026-07-15,True,
H-FL-22,H,FL,22,DEM,True,True,649697.07,356348.21,0.0,0.0,243224.61,243212.11,243224.61,216258.14,,,H6FL21059,"DANDIYA, PIA",ie,2284052.29,1296684.48,0,0.0,2026-07-29,0.0,0.0,406472.46,406472.46,406472.46,140090.07,,,H6FL22248,"ASKAR, CASEY",ie,2587501.57,1067637.61,0,0.0,2026-07-29,False,
H-TN-07,H,TN,07,REP,False,False,622295.74,200.0,0.0,0.0,19604.62,0.0,19604.62,200.0,,offense,H6TN07195,"BEHN, AFTYN",ie,0.0,0.0,0,0.0,,0.0,120000.0,482691.12,472591.07,602691.12,0.0,2025-11-03,defense,H6TN07161,"VAN EPPS, MATTHEW ROBERT",ie,2300690.32,207954.13,0,7305.0,2026-07-17,False,
H-CA-27,H,CA,27,DEM,False,False,598649.31,0.0,0.0,0.0,598649.31,598649.31,598649.31,0.0,,defense,H4CA27111,"WHITESIDES, GEORGE",ie,3963530.22,2554916.64,0,6895.42,2026-06-30,0.0,0.0,0.0,0.0,0.0,0.0,,offense,H6CA27306,"GIBBS, JASON",receipts,379439.88,201877.04,0,0.0,2026-06-30,False,
H-NY-04,H,NY,04,DEM,False,False,593412.59,40993.06,0.0,324160.0,81661.11,81661.11,405821.11,10150.0,2026-07-30,defense,H2NY04244,"GILLEN, LAURA",ie,5097222.15,3843823.75,0,5022.48,2026-06-30,0.0,0.0,187591.48,187591.48,187591.48,30843.06,,offense,H6NY04211,"DRISCOLL, JEANINE",ie,264824.04,226274.06,0,0.0,2026-06-30,False,
H-CA-47,H,CA,47,DEM,False,False,589834.94,0.0,0.0,0.0,589834.94,589834.94,589834.94,0.0,,defense,H4CA47085,"MIN, DAVE",ie,3381161.06,1889359.66,0,8613.01,2026-06-30,0.0,0.0,0.0,0.0,0.0,0.0,,offense,H6CA47114,"LE ROUX, JENNY RAE",receipts,375883.39,128532.79,0,0.0,2026-06-30,False,
S-LA,S,LA,,REP,False,False,566695.33,0.0,0.0,60498.0,0.0,0.0,60498.0,0.0,2026-06-02,offense,S6LA00615,"DAVIS, JAMIE",receipts,1983548.38,479104.06,0,0.0,2026-06-30,0.0,0.0,506197.33,506197.33,506197.33,0.0,,defense,S6LA00664,"LETLOW, JULIA",ie,6210121.5,1427072.13,0,62000.0,2026-06-30,False,
H-OH-13,H,OH,13,DEM,False,False,520463.39,86245.77,0.0,135195.0,333610.14,332070.84,468805.14,50832.36,2026-07-27,defense,H2OH13264,"SYKES, EMILIA",ie,3137439.96,1897462.29,0,5863.81,2026-06-30,0.0,0.0,51658.25,51658.25,51658.25,35413.41,,offense,H6OH13307,"COLEMAN, CAREY",ie,127109.29,77727.37,0,0.0,2026-06-30,False,
H-AR-02,H,AR,02,REP,False,False,481104.14,0.0,0.0,0.0,0.0,0.0,0.0,0.0,,offense,H6AR02286,"JONES, CHRIS",ie,1174414.32,191398.37,0,1500.0,2026-06-30,0.0,0.0,481104.14,481104.14,481104.14,0.0,,defense,H4AR02141,"HILL, JAMES FRENCH",receipts,4421509.93,2967541.43,0,0.0,2026-06-30,False,
S-MN,S,MN,,DEM,False,False,479748.94,166621.92,0.0,85105.0,0.0,0.0,85105.0,0.0,2026-07-24,defense,S6MN00440,"FLANAGAN, MARGARET",ie,6517348.17,1058604.04,0,0.0,2026-07-22,0.0,0.0,394643.94,394643.94,394643.94,166621.92,,offense,S6MN00556,"TAFOYA, MICHELE",receipts,5337941.77,1372727.66,0,62000.0,2026-07-22,False,
H-NC-03,H,NC,03,REP,False,False,457667.93,0.0,0.0,0.0,326560.3,326560.3,326560.3,0.0,,offense,H6NC03211,"JASLOW, ALLISON",receipts,273730.75,0.0,0,0.0,2026-03-31,0.0,0.0,131107.63,131107.63,131107.63,0.0,,defense,H0NC03172,"MURPHY, GREGORY FRANCIS DR.",ie,2357956.42,2697820.12,0,0.0,2026-06-30,False,
H-CO-04,H,CO,04,REP,False,False,443323.28,0.0,0.0,0.0,0.0,0.0,0.0,0.0,,offense,H6CO04202,"LAUBACHER, EILEEN",ie,10349940.18,3610909.46,0,0.0,2026-06-30,0.0,0.0,443323.28,443323.28,443323.28,0.0,,defense,H0CO03165,"BOEBERT, LAUREN",ie,1010297.16,247201.84,0,0.0,2026-06-30,True,
H-CA-45,H,CA,45,DEM,False,False,427548.08,0.0,0.0,0.0,427548.08,327548.08,427548.08,0.0,,defense,H4CA45170,"TRAN, DEREK",ie,4981276.64,3257397.68,0,4178.8,2026-06-30,0.0,0.0,0.0,0.0,0.0,0.0,,offense,H0CA48198,"STEEL, MICHELLE",ie,1252671.58,0.0,0,0.0,2025-10-09,False,
H-FL-09,H,FL,09,DEM,False,False,388640.5,121656.88,0.0,0.0,67454.9,67442.4,67454.9,26866.76,,defense,H6FL09179,"SOTO, DARREN",ie,2157833.96,1187354.66,0,1493.93,2026-07-29,0.0,0.0,321185.6,321185.6,321185.6,94790.12,,offense,H6FL09294,"GREEN, DAN",ie,1298516.0,363243.45,0,0.0,2026-07-29,True,
H-NC-09,H,NC,09,REP,False,False,365945.4,0.0,0.0,0.0,365945.4,365945.4,365945.4,0.0,,offense,H6NC09218,"OJEDA, RICHARD N.",receipts,2237508.34,163672.62,0,0.0,2026-06-30,0.0,0.0,0.0,0.0,0.0,0.0,,defense,H2NC08185,"HUDSON, RICHARD L. JR.",ie,3215341.2,1335131.81,0,0.0,2026-06-30,False,
H-TX-09,H,TX,09,DEM,True,True,363915.73,0.0,0.0,0.0,74262.87,74262.87,74262.87,0.0,,,H6TX09231,"GUTIERREZ, LETICIA",ie,55357.9,18657.58,0,0.0,2026-06-30,0.0,0.0,289652.86,289652.86,289652.86,0.0,,,H6TX09140,"MEALER, ALEXANDRA",ie,2080513.66,362039.67,0,0.0,2026-06-30,False,
H-NC-05,H,NC,05,REP,False,False,339958.02,0.0,0.0,0.0,339958.02,339958.02,339958.02,0.0,,offense,H4NC05294,"HUBBARD, CHUCK",receipts,394694.85,99814.7,0,3000.0,2026-06-30,0.0,0.0,0.0,0.0,0.0,0.0,,defense,H4NC05146,"FOXX, VIRGINIA ANN",ie,1662603.66,3369068.64,0,0.0,2026-06-30,False,
H-AZ-04,H,AZ,04,DEM,False,False,327064.45,44286.67,0.0,0.0,327064.45,327064.45,327064.45,44286.67,,defense,H8AZ09040,"STANTON, GREG",ie,2117114.23,2020288.72,0,37.68,2026-07-01,0.0,0.0,0.0,0.0,0.0,0.0,,offense,H4AZ04115,"JASSER, M. ZUHDI",receipts,564640.66,341651.14,0,0.0,2026-07-01,False,
H-OR-04,H,OR,04,DEM,False,False,300000.0,0.0,0.0,0.0,0.0,0.0,0.0,0.0,,defense,H2OR04095,"HOYLE, VALERIE",ie,1222922.31,520839.58,0,0.0,2026-06-30,0.0,0.0,300000.0,300000.0,300000.0,0.0,,offense,H6OR04260,"DESPAIN, MONIQUE",receipts,677570.69,387694.53,0,2499.0,2026-06-30,False,
H-NV-04,H,NV,04,DEM,False,False,293087.38,10284.6,0.0,0.0,293087.38,293087.38,293087.38,10284.6,,defense,H2NV04011,"HORSFORD, STEVEN ALEXZANDER",ie,3350562.82,1496222.24,0,5593.72,2026-06-30,0.0,0.0,0.0,0.0,0.0,0.0,,offense,H6NV04111,"WHIPPLE, CODY K",receipts,884687.46,285220.91,0,0.0,2026-06-30,False,
H-IN-01,H,IN,01,DEM,False,False,291774.0,0.0,0.0,291774.0,0.0,0.0,291774.0,0.0,2026-07-27,defense,H0IN01150,"MRVAN, FRANK J.",receipts,2386267.93,1336695.94,0,6920.44,2026-06-30,0.0,0.0,0.0,0.0,0.0,0.0,,offense,H6IN01231,"REGNITZ, BARB",receipts,2376255.95,1800688.9,0,0.0,2026-06-30,False,
H-NJ-09,H,NJ,09,DEM,False,False,267644.74,37319.71,0.0,0.0,40040.0,38000.0,40040.0,0.0,,defense,H4NJ09194,"POU, NELIDA",ie,2661928.16,1793358.76,0,5769.79,2026-06-30,0.0,0.0,227604.74,227604.74,227604.74,37319.71,,offense,H6NJ09264,"PINO, ROSEMARY",ie,437828.66,39623.87,0,0.0,2026-06-30,False,
S-WV,S,WV,,REP,False,False,259333.77,210193.2,0.0,0.0,0.0,0.0,0.0,0.0,,offense,S4WV00357,"SHREWSBURY, ZACHARY C",receipts,515586.59,-2854.25,0,0.0,2026-06-30,0.0,0.0,259333.77,259333.77,259333.77,210193.2,,defense,S4WV00159,"CAPITO, SHELLEY MOORE",ie,4624145.47,4377200.52,0,62000.0,2026-06-30,False,
S-TN,S,TN,,REP,False,False,248382.27,212297.49,0.0,0.0,0.0,0.0,0.0,0.0,,offense,S6TN00380,"BREWER, MARIA A",receipts,9068.72,5333.75,0,0.0,2026-07-17,0.0,1802.0,246580.27,246580.27,248382.27,212297.49,2026-07-31,defense,S0TN00169,"HAGERTY, BILL",ie,7162897.1,5234429.36,0,62000.0,2026-07-17,False,
S-SD,S,SD,,REP,False,False,229747.22,0.0,0.0,0.0,0.0,0.0,0.0,0.0,,offense,S6SD01125,"BEAUDION, JULIAN C",receipts,228295.15,3078.11,0,6398.0,2026-06-30,0.0,0.0,229747.22,229747.22,229747.22,0.0,,defense,S4SD00049,"ROUNDS, MIKE",ie,3176450.98,2736663.91,0,62000.0,2026-06-30,False,
S-IL,S,IL,,DEM,False,False,218880.0,0.0,0.0,218880.0,0.0,0.0,218880.0,0.0,2026-06-04,defense,S6IL00482,"KRISHNAMOORTHI, S",receipts,31558602.76,74587.81,0,500.0,2026-06-30,0.0,0.0,0.0,0.0,0.0,0.0,,offense,S6IL00615,"TRACY, DON",receipts,2459889.83,1512423.84,0,1250.0,2026-06-30,False,
H-IN-05,H,IN,05,REP,False,False,213487.0,0.0,0.0,0.0,213487.0,213487.0,213487.0,0.0,,offense,H6IN05307,"FORD, JAMES (J.D.) DAVID",receipts,582086.67,314652.23,0,0.0,2026-06-30,0.0,0.0,0.0,0.0,0.0,0.0,,defense,H0IN05326,"SPARTZ, VICTORIA",ie,1327227.97,230004.33,0,0.0,2026-06-30,False,
H-NE-01,H,NE,01,REP,False,False,211515.26,211515.26,0.0,0.0,211515.26,211515.26,211515.26,211515.26,,offense,H6NE01143,"BACKEMEYER, CHRISTOPHER",ie,592233.09,290610.69,0,0.0,2026-06-30,0.0,0.0,0.0,0.0,0.0,0.0,,defense,H2NE01118,"FLOOD, MIKE",ie,2368910.23,1560750.81,0,0.0,2026-06-30,False,
S-KY,S,KY,,REP,False,False,207034.22,207034.22,0.0,0.0,0.0,0.0,0.0,0.0,,offense,S0KY00339,"MCGRATH, AMY",receipts,2373624.84,3124.91,0,0.0,2026-06-30,0.0,0.0,207034.22,207034.22,207034.22,207034.22,,defense,S6KY00286,"BARR, GARLAND ANDY",ie,9981055.48,2305546.0,0,62000.0,2026-06-30,False,
H-FL-27,H,FL,27,REP,False,False,202890.55,80000.0,0.0,0.0,42890.55,42878.05,42890.55,10000.0,,offense,H6FL27098,"RODRIGUEZ, ELIOTT",ie,661173.11,325097.37,0,0.0,2026-07-29,0.0,0.0,160000.0,160000.0,160000.0,70000.0,,defense,H8FL27185,"SALAZAR, MARIA ELVIRA",ie,1999399.08,2259546.73,0,0.0,2026-07-29,False,
H-VA-07,H,VA,07,DEM,False,False,177967.31,0.0,0.0,7300.0,170667.31,170667.31,177967.31,0.0,2026-07-22,defense,H4VA07234,"VINDMAN, YEVGENY 'EUGENE'",ie,12355663.9,6573093.27,0,2948.75,2026-07-15,0.0,0.0,0.0,0.0,0.0,0.0,,offense,H6VA07197,"DURANT, TARA ANNE",receipts,392454.05,102338.16,0,0.0,2026-06-30,False,
H-WA-01,H,WA,01,DEM,False,False,171570.0,0.0,0.0,171570.0,0.0,0.0,171570.0,0.0,2026-07-15,defense,H0WA08046,"DELBENE, SUZAN K",receipts,3550451.98,1109684.66,0,37.68,2026-07-15,0.0,0.0,0.0,0.0,0.0,0.0,,offense,H4WA01282,"SILVA, MARY",receipts,8433.7,1253.86,0,0.0,2026-09-30,False,
H-FL-12,H,FL,12,REP,False,False,159074.5,100000.0,0.0,0.0,12.5,0.0,12.5,0.0,,offense,H6FL15192,"MCAULEY, DARREN",receipts,728863.42,112331.9,0,0.0,2026-07-29,0.0,0.0,159062.0,159062.0,159062.0,100000.0,,defense,H6FL09070,"BILIRAKIS, GUS M",ie,1588537.71,554070.01,0,0.0,2026-07-29,False,
H-FL-07,H,FL,07,REP,False,False,140527.97,91882.19,0.0,0.0,1900.0,1900.0,1900.0,0.0,,offense,H6FL07215,"DALTON, BALE",ie,1378109.29,475857.84,0,0.0,2026-07-29,0.0,0.0,138627.97,138627.97,138627.97,91882.19,,defense,H6FL07231,"ELIJAH, RYAN",ie,355955.46,186154.68,0,0.0,2026-07-29,False,
H-NY-21,H,NY,21,REP,False,False,132910.95,0.0,0.0,64972.0,27938.95,27938.95,92910.95,0.0,2026-08-03,offense,H6NY21199,"GENDEBIEN, BLAKE",ie,5461528.21,2622584.95,0,0.0,2026-06-30,0.0,0.0,40000.0,40000.0,40000.0,0.0,,defense,H6NY21157,"CONSTANTINO, ANTHONY THOMAS",receipts,9460254.31,3036385.69,0,0.0,2026-06-30,False,
H-LA-04,H,LA,04,REP,False,False,124691.0,83310.0,0.0,0.0,124691.0,124691.0,124691.0,83310.0,,offense,H6LA04195,"GROMLICH, MATTHEW",receipts,268771.67,10175.48,0,0.0,2026-07-18,0.0,0.0,0.0,0.0,0.0,0.0,,defense,H6LA04138,"JOHNSON, JAMES MICHAEL",ie,20976864.33,9613157.46,0,0.0,2026-07-18,False,
H-CA-14,H,CA,14,DEM,False,False,123087.57,97954.77,0.0,0.0,123087.57,123087.57,123087.57,97954.77,,defense,H0CA15213,"WAHAB, AISHA",ie,874397.73,232924.57,0,0.0,2026-09-07,0.0,0.0,0.0,0.0,0.0,0.0,,offense,H6CA14148,"HUANG, WENDY FIONA MS.",receipts,41023.0,6284.38,0,0.0,2026-06-30,False,
H-GA-14,H,GA,14,REP,False,False,120000.0,0.0,0.0,0.0,0.0,0.0,0.0,0.0,,offense,H4GA14057,"HARRIS, SHAWN",receipts,8098513.75,18230.12,0,0.0,2026-06-30,0.0,120000.0,0.0,0.0,120000.0,0.0,2026-03-16,defense,H0GA14030,"FULLER, CLAY",receipts,1846892.29,70518.1,0,0.0,2026-06-30,False,
H-FL-06,H,FL,06,REP,False,False,109126.0,0.0,0.0,0.0,0.0,0.0,0.0,0.0,,offense,H6FL06340,"YONCE, ERIC",receipts,325709.89,34095.93,0,0.0,2026-07-29,0.0,109126.0,0.0,0.0,109126.0,0.0,2025-03-05,defense,H6FL06258,"FINE, RANDY",receipts,4286207.08,1191058.79,0,0.0,2026-07-29,False,
H-WA-09,H,WA,09,DEM,False,False,108094.0,0.0,0.0,108094.0,0.0,0.0,108094.0,0.0,2026-07-13,defense,H6WA09025,"SMITH, D. ADAM",receipts,1882001.47,869548.73,0,165.44,2026-07-15,0.0,0.0,0.0,0.0,0.0,0.0,,offense,H4WA09061,"BASLER, DOUGLAS MICHAEL",receipts,12241.88,5020.66,0,0.0,2026-07-15,False,
S-VA,S,VA,,DEM,False,False,107636.0,10506.0,0.0,97130.0,10506.0,0.0,107636.0,10506.0,2026-07-22,defense,S6VA00093,"WARNER, MARK ROBERT",ie,17889335.15,16114725.24,0,0.0,2026-07-15,0.0,0.0,0.0,0.0,0.0,0.0,,offense,S8VA00321,"MIZUSAWA, BERT K",receipts,418742.24,90327.92,0,0.0,2026-07-15,False,
H-CA-06,H,CA,06,DEM,True,False,107355.74,10727.76,0.0,0.0,107355.74,46200.0,107355.74,10727.76,,,H6CA03158,"PAN, RICHARD DR.",ie,1098282.7,359131.99,0,201.56,2026-06-30,0.0,0.0,0.0,0.0,0.0,0.0,,,H6CA06292,"STANSFIELD, MICHAEL",receipts,17441.0,0.0,0,0.0,2026-03-31,False,
H-CA-01,H,CA,01,REP,False,False,101000.0,0.0,0.0,0.0,0.0,0.0,0.0,0.0,,offense,H6CA01269,"MCGUIRE, MIKE",receipts,1827711.04,152605.64,0,0.0,2026-06-30,0.0,101000.0,0.0,0.0,101000.0,0.0,2026-04-27,defense,H6CA01285,"GALLAGHER, JAMES",receipts,1488905.68,332899.18,0,7000.0,2026-06-30,False,
H-NY-19,H,NY,19,DEM,False,False,95940.2,0.0,2250.0,20535.0,73155.2,73155.2,95940.2,0.0,2024-09-22,defense,H8NY22177,"RILEY, JOSH",ie,4825666.01,3190953.67,0,5022.48,2026-06-30,0.0,0.0,0.0,0.0,0.0,0.0,,offense,H6NY19268,"OBERACKER, PETER KARL JR",receipts,1237178.98,392867.56,0,10000.0,2026-06-30,False,
H-NY-23,H,NY,23,REP,False,False,95901.0,0.0,0.0,1.0,0.0,0.0,1.0,0.0,2026-06-18,offense,H6NY23559,"GIES, AARON DR.",receipts,227174.36,17795.38,0,0.0,2026-06-30,0.0,0.0,95900.0,0.0,95900.0,0.0,,defense,H2NY23228,"LANGWORTHY, NICK",ie,2326404.96,2477497.8,0,6462.0,2026-06-30,False,
H-SD-00,H,SD,00,REP,False,False,82059.06,0.0,0.0,0.0,0.0,0.0,0.0,0.0,,offense,H6SD01141,"GRONLI, NICOLE",receipts,261763.52,110977.81,0,6093.0,2026-06-30,0.0,0.0,82059.06,82059.06,82059.06,0.0,,defense,H6SD01109,"JACKLEY, MARTY",ie,1438706.43,1062725.38,0,0.0,2026-06-30,False,
S-OK,S,OK,,REP,False,False,77133.72,0.0,0.0,0.0,0.0,0.0,0.0,0.0,,offense,S6OK04197,"PRIEST, JIM",receipts,377843.38,55850.77,0,0.0,2026-08-05,0.0,0.0,77133.72,77133.72,77133.72,0.0,,defense,S6OK04247,"HERN, KEVIN",ie,9953578.89,2491910.11,0,62000.0,2026-06-30,False,
S-AL,S,AL,,REP,False,False,76856.89,0.0,0.0,0.0,0.0,0.0,0.0,0.0,,offense,S6AL00435,"SWEETSER, KYLE",receipts,166055.63,2683.73,0,0.0,2026-06-30,0.0,0.0,76856.89,76856.89,76856.89,0.0,,defense,S6AL00476,"MOORE, FELIX BARRY",ie,3787329.72,627788.17,0,0.0,2026-06-30,False,
H-NY-22,H,NY,22,DEM,False,False,72283.8,0.0,875.0,1.0,71407.8,71407.8,72283.8,0.0,2024-09-22,defense,H4NY22085,"MANNION, JOHN W",ie,2694738.65,1842997.29,0,5309.87,2026-06-30,0.0,0.0,0.0,0.0,0.0,0.0,,offense,H6NY22213,"BULLER, KAILEE",receipts,267338.61,186587.28,0,0.0,2026-06-30,False,
H-CA-49,H,CA,49,DEM,False,False,60845.99,0.0,0.0,0.0,60845.99,60845.99,60845.99,0.0,,defense,H8CA49058,"LEVIN, MIKE",ie,3164023.36,1418236.98,0,1686.55,2026-06-30,0.0,0.0,0.0,0.0,0.0,0.0,,offense,H6CA49169,"KURDIAN, ARMEN",receipts,58783.73,17916.43,0,0.0,2026-06-30,False,
H-OR-05,H,OR,05,DEM,False,False,60444.88,0.0,0.0,0.0,60444.88,60444.88,60444.88,0.0,,defense,H4OR05304,"BYNUM, JANELLE",ie,3760211.5,2715860.25,0,0.0,2026-06-30,0.0,0.0,0.0,0.0,0.0,0.0,,offense,H6OR05242,"ADAIR, PATTI",receipts,423921.54,135365.08,0,0.0,2026-06-30,False,
H-OH-05,H,OH,05,REP,False,False,55172.78,37010.48,0.0,0.0,0.0,0.0,0.0,0.0,,offense,H6OH05154,"SHAVER, BRIAN ALAN MR.",ie,11664.17,8741.9,0,2275.0,2026-06-30,0.0,0.0,55172.78,55172.78,55172.78,37010.48,,defense,H8OH05036,"LATTA, ROBERT EDWARD",ie,1461647.52,1019992.61,0,0.0,2026-06-30,False,
H-NY-25,H,NY,25,DEM,False,False,52803.78,0.0,0.0,1.0,52802.78,52802.78,52803.78,0.0,2026-06-18,defense,H8NY25105,"MORELLE, JOSEPH D",ie,1786903.54,408038.29,0,0.0,2026-06-30,0.0,0.0,0.0,0.0,0.0,0.0,,offense,H6NY25208,"MCINTYRE, VIRGINIA",receipts,32416.43,12261.05,0,2000.0,2026-06-30,False,
H-NC-14,H,NC,14,REP,False,False,52715.0,0.0,0.0,1595.0,0.0,0.0,1595.0,0.0,2026-08-17,offense,H6NC14036,"CALDWELL, BRENT",receipts,78143.77,-4548.27,0,3000.0,2026-06-30,0.0,51120.0,0.0,0.0,51120.0,0.0,2026-02-11,defense,H4NC14015,"MOORE, TIM",receipts,1538952.2,1581992.49,0,0.0,2026-06-30,False,
H-TN-09,H,TN,09,DEM,False,False,50046.97,37046.97,0.0,0.0,22678.5,22678.5,22678.5,9678.5,,defense,H6TN09449,"PEARSON, JUSTIN J.",ie,2344946.62,844732.89,0,0.0,2026-07-17,0.0,0.0,27368.47,27368.47,27368.47,27368.47,,offense,H6TN09464,"TAYLOR, BRENT",ie,1549481.59,417377.22,0,0.0,2026-07-17,False,
H-MD-01,H,MD,01,REP,False,False,49033.1,0.0,0.0,0.0,49033.1,0.0,49033.1,0.0,,offense,H6MD01320,"SCHWARTZ, DANIEL",receipts,695169.98,72575.48,0,0.0,2026-06-30,0.0,0.0,0.0,0.0,0.0,0.0,,defense,H8MD01094,"HARRIS, ANDREW P",ie,2319668.06,1853603.02,0,0.0,2026-06-30,False,
H-NY-10,H,NY,10,DEM,False,False,47814.0,0.0,0.0,47814.0,0.0,0.0,47814.0,0.0,2026-03-23,defense,H2NY10308,"GOLDMAN, DANIEL",receipts,8365109.43,1158530.28,0,613.0,2026-06-30,0.0,0.0,0.0,0.0,0.0,0.0,,offense,H2NY10134,"HAMDAN, BENINE",receipts,20000.0,0.0,0,0.0,2026-06-30,False,
S-RI,S,RI,,DEM,False,False,47482.0,0.0,0.0,47482.0,0.0,0.0,47482.0,0.0,2026-08-19,defense,S6RI00163,"REED, JOHN F.",receipts,3381651.34,3093683.6,0,0.0,2026-08-20,0.0,0.0,0.0,0.0,0.0,0.0,,offense,S4RI00051,"MCKAY, RAYMOND TYLER MR",receipts,180468.45,7568.84,0,0.0,2026-08-20,False,
S-WY,S,WY,,REP,False,False,46136.93,0.0,0.0,0.0,0.0,0.0,0.0,0.0,,offense,S6WY00217,"BYRD, JAMES WILLARD MR.",receipts,22558.71,356.16,0,0.0,2026-07-29,0.0,0.0,46136.93,46136.93,46136.93,0.0,,defense,S6WY00209,"HAGEMAN, HARRIET",ie,2435022.54,915369.0,0,62000.0,2026-07-29,False,
H-MD-06,H,MD,06,DEM,False,False,42387.38,0.0,0.0,0.0,0.0,0.0,0.0,0.0,,defense,H4MD06340,"DELANEY, APRIL MCCLAIN",ie,12308220.11,307611.31,0,52.77,2026-06-30,0.0,0.0,42387.38,42387.38,42387.38,0.0,,offense,H6MD06287,"FICKER, ROBIN",receipts,403933.7,400.86,0,0.0,2026-06-30,False,
H-NY-07,H,NY,07,DEM,False,False,42038.0,0.0,0.0,42038.0,0.0,0.0,42038.0,0.0,2026-06-05,defense,H6NY07214,"VALDEZ, CLAIRE",receipts,1693312.47,206842.15,0,0.0,2026-06-30,0.0,0.0,0.0,0.0,0.0,0.0,,offense,,,,,,,,,False,
H-TX-18,H,TX,18,DEM,True,False,41105.44,0.0,0.0,0.0,41105.44,41105.44,41105.44,0.0,,,H6TX18232,"MENEFEE, CHRISTIAN",ie,3637578.6,156015.99,0,0.0,2026-06-30,0.0,0.0,0.0,0.0,0.0,0.0,,,H6TX18323,"BERRY, ALLEN D DR",receipts,8512.13,-171.29,0,0.0,2026-07-15,False,
H-LA-05,H,LA,05,REP,False,False,36215.0,36215.0,0.0,0.0,0.0,0.0,0.0,0.0,,offense,H6LA05291,"MCKAY, DAN",receipts,89999.64,-19055.55,0,0.0,2026-07-18,0.0,0.0,36215.0,36215.0,36215.0,36215.0,,defense,H6LA05184,"CATHEY, STEWART JR.",ie,13500.0,13165.1,0,0.0,2026-07-18,False,
H-NC-10,H,NC,10,REP,False,False,35549.72,9528.35,0.0,0.0,35307.23,35307.23,35307.23,9528.35,,offense,H6NC10174,"BELL, ASHLEY",ie,84024.21,26173.92,0,2000.0,2026-06-30,0.0,0.0,242.49,0.0,242.49,0.0,,defense,H2NC13243,"HARRIGAN, PAT",receipts,1081820.85,451274.87,0,0.0,2026-06-30,False,
H-NY-08,H,NY,08,DEM,False,False,32100.9,0.0,0.0,0.0,0.0,0.0,0.0,0.0,,defense,H2NY10092,"JEFFRIES, HAKEEM",ie,14899980.61,5000459.66,0,0.0,2026-06-30,0.0,0.0,32100.9,0.0,32100.9,0.0,,offense,,,,,,,,,False,
H-WI-07,H,WI,07,REP,False,False,30000.0,0.0,0.0,0.0,0.0,0.0,0.0,0.0,,offense,H6WI07207,"CLARK, FREDERIC",receipts,423041.39,173976.92,0,0.0,2026-07-22,0.0,0.0,30000.0,30000.0,30000.0,0.0,,defense,H6WI07223,"ALFONSO, MICHAEL",ie,1351546.03,663408.47,0,0.0,2026-07-22,False,
H-TN-05,H,TN,05,REP,False,False,28342.07,28342.07,0.0,0.0,0.0,0.0,0.0,0.0,,offense,H6TN05397,"MOLDER, CHAZ",receipts,2599774.57,1482195.91,0,220.78,2026-07-17,0.0,0.0,28342.07,28342.07,28342.07,28342.07,,defense,H6TN05405,"HATCHER, CHARLIE",ie,719502.95,104820.75,0,0.0,2026-07-17,False,
H-FL-21,H,FL,21,REP,False,False,27000.0,0.0,0.0,0.0,0.0,0.0,0.0,0.0,,offense,H6FL21034,"TAYLOR, BERNARD",receipts,993566.85,151968.48,0,0.0,2026-07-29,0.0,0.0,27000.0,27000.0,27000.0,0.0,,defense,H6FL18097,"MAST, BRIAN",ie,4308890.46,2928458.15,0,0.0,2026-07-29,False,
H-WV-01,H,WV,01,REP,False,False,25515.0,0.0,0.0,0.0,0.0,0.0,0.0,0.0,,offense,H6WV01160,"GEORGE, VINCENT RAYMOND MR.",receipts,258330.0,258330.0,0,0.0,2026-06-30,0.0,0.0,25515.0,25515.0,25515.0,0.0,,defense,H8WV03097,"MILLER, CAROL DEVINE",ie,1746897.71,604378.98,0,0.0,2026-06-30,False,
H-TX-02,H,TX,02,REP,False,False,22503.5,0.0,0.0,0.0,0.0,0.0,0.0,0.0,,offense,H6TX02251,"FINNIE, SHAUN",ie,2729676.76,1469200.64,0,0.0,2026-06-30,0.0,0.0,22503.5,22503.5,22503.5,0.0,,defense,H8TX02166,"CRENSHAW, DANIEL",receipts,2735887.7,24924.74,0,0.0,2026-06-30,False,
H-FL-08,H,FL,08,REP,False,False,22346.5,0.0,0.0,0.0,12.5,0.0,12.5,0.0,,offense,H6FL06399,"JENKINS, JENNIFER",receipts,725730.74,108111.28,0,0.0,2026-07-29,0.0,0.0,22334.0,22334.0,22334.0,0.0,,defense,H4FL08168,"HARIDOPOLOS, MIKE",ie,1824837.67,1197776.93,0,0.0,2026-07-29,False,
H-MN-02,H,MN,02,DEM,False,False,22000.0,0.0,0.0,22000.0,0.0,0.0,22000.0,0.0,2026-08-06,defense,H6MN02131,"CRAIG, ANGELA DAWN",receipts,1402823.75,0.0,0,1032.67,2026-03-31,0.0,0.0,0.0,0.0,0.0,0.0,,offense,H6MN02263,"PRATT, ERIC",receipts,511213.48,254372.92,0,5000.0,2026-07-22,False,
H-VA-09,H,VA,09,REP,False,False,19395.0,0.0,0.0,19395.0,0.0,0.0,19395.0,0.0,2026-08-07,offense,H6VA09136,"POWERS, JOY",receipts,85335.47,13940.61,0,0.0,2026-07-15,0.0,0.0,0.0,0.0,0.0,0.0,,defense,H0VA09055,"GRIFFITH, H MORGAN",receipts,1828838.6,973866.75,0,0.0,2026-07-15,False,
H-WA-05,H,WA,05,REP,False,False,18406.14,0.0,0.0,0.0,18406.14,18406.14,18406.14,0.0,,offense,H4WA05168,"CONROY, CARMELA",receipts,396216.76,74462.79,0,0.0,2026-07-15,0.0,0.0,0.0,0.0,0.0,0.0,,defense,H4WA05234,"BAUMGARTNER, MICHAEL JAMES",ie,1738226.34,953783.6,0,0.0,2026-07-15,False,
H-NC-08,H,NC,08,REP,False,False,13362.19,0.0,0.0,0.0,0.0,0.0,0.0,0.0,,offense,H6NC08194,"OPPENHEIM, JESSE",receipts,314099.2,49312.62,0,6000.0,2026-06-30,0.0,0.0,13362.19,13362.19,13362.19,0.0,,defense,H4NC08066,"HARRIS, MARK E",ie,1019134.43,517852.73,0,750.0,2026-06-30,False,
H-VA-08,H,VA,08,DEM,False,False,13270.0,0.0,0.0,13270.0,0.0,0.0,13270.0,0.0,2026-07-22,defense,H4VA08224,"BEYER, DONALD STERNOFF JR.",receipts,2125761.32,838934.44,0,0.0,2026-07-15,0.0,0.0,0.0,0.0,0.0,0.0,,offense,H6VA08252,"SABIO, TONY",receipts,21917.19,17903.16,0,5000.0,2026-07-15,False,
H-CA-03,H,CA,03,REP,True,False,13076.34,0.0,0.0,0.0,13076.34,771.08,13076.34,0.0,,,H0CA03078,"BERA, AMERISH",receipts,1250126.28,1830337.53,0,0.0,2026-06-30,0.0,0.0,0.0,0.0,0.0,0.0,,,H6CA03174,"TUCKER, ROBB",receipts,258139.01,15999.67,0,0.0,2026-06-30,False,
H-NY-13,H,NY,13,DEM,False,False,12713.64,0.0,0.0,0.0,552.66,0.0,552.66,0.0,,defense,H6NY13279,"AVILA CHEVALIER, DARIALIZA",ie,1354601.68,222087.41,0,0.0,2026-06-30,0.0,0.0,12160.98,0.0,12160.98,0.0,,offense,,,,,,,,,False,
H-TX-25,H,TX,25,REP,False,False,12469.22,0.0,0.0,0.0,12469.22,12469.22,12469.22,0.0,,offense,H6TX25237,"SIMS, DIONE MICHELLE MRS",ie,0.0,0.0,0,0.0,,0.0,0.0,0.0,0.0,0.0,0.0,,defense,H2TX33040,"WILLIAMS, ROGER",receipts,1424050.12,1076189.08,0,0.0,2026-06-30,False,
H-MS-01,H,MS,01,REP,False,False,11735.0,0.0,0.0,0.0,11735.0,11735.0,11735.0,0.0,,offense,H6MS01313,"JOHNSON, CLIFF",ie,551243.42,149644.9,0,0.0,2026-06-30,0.0,0.0,0.0,0.0,0.0,0.0,,defense,H6MS01131,"KELLY, JOHN TRENT",receipts,1004204.69,863664.5,0,0.0,2026-06-30,False,
H-NV-01,H,NV,01,DEM,False,False,11363.73,11363.73,0.0,0.0,11363.73,11363.73,11363.73,11363.73,,defense,H8NV03036,"TITUS, DINA",ie,1537358.1,1337524.79,0,4672.72,2026-06-30,0.0,0.0,0.0,0.0,0.0,0.0,,offense,H6NV01331,"BUCK, CARRIE",receipts,1915057.97,653588.02,0,0.0,2026-06-30,False,
H-FL-16,H,FL,16,REP,False,False,10833.0,0.0,0.0,0.0,0.0,0.0,0.0,0.0,,offense,H6FL16158,"KIRSCHNER, KELLY",receipts,296506.91,80737.72,0,0.0,2026-07-29,0.0,0.0,10833.0,10833.0,10833.0,0.0,,defense,H6FL16141,"GRUTERS, SYDNEY",ie,1087682.55,622381.17,0,0.0,2026-07-29,False,
H-FL-11,H,FL,11,REP,False,False,10833.0,0.0,0.0,0.0,0.0,0.0,0.0,0.0,,offense,H6FL11357,"PERICOLA, JAMES",receipts,119754.0,32231.07,0,0.0,2026-07-29,0.0,0.0,10833.0,10833.0,10833.0,0.0,,defense,H6FL11332,"STRADA, JOE",ie,5248640.0,2248903.39,0,0.0,2026-07-29,False,
H-PA-12,H,PA,12,DEM,False,False,10365.08,0.0,0.0,0.0,10365.08,10365.08,10365.08,0.0,,defense,H2PA18200,"LEE, SUMMER",ie,1466287.27,1649287.99,0,0.0,2026-06-30,0.0,0.0,0.0,0.0,0.0,0.0,,offense,H4PA12068,"HAYES, JAMES DR.",receipts,40138.76,9521.39,0,250.0,2026-06-30,False,
H-NY-12,H,NY,12,DEM,False,False,10200.0,0.0,0.0,0.0,0.0,0.0,0.0,0.0,,defense,H6NY12214,"BORES, ALEXANDER",ie,3991277.92,1010666.92,0,0.0,2026-06-30,0.0,0.0,10200.0,10200.0,10200.0,0.0,,offense,H6NY12404,"SHINKLE, CAROLINE",receipts,155144.62,83846.68,0,0.0,2026-06-30,False,
H-NH-02,H,NH,02,DEM,False,False,9826.99,0.0,0.0,0.0,0.0,0.0,0.0,0.0,,defense,H4NH02399,"GOODLANDER, MAGGIE",receipts,4155360.22,2701064.53,0,52.77,2026-08-19,0.0,0.0,9826.99,9826.99,9826.99,0.0,,offense,H2NH02260,"WILLIAMS, LILY TANG",receipts,1199750.37,627779.2,0,0.0,2026-08-19,False,
H-GA-10,H,GA,10,REP,False,False,9063.63,0.0,0.0,0.0,9063.63,0.0,9063.63,0.0,,offense,H4GA10113,"DOHERTY, ALEXANDRA",receipts,220390.5,22956.16,0,0.0,2026-06-30,0.0,0.0,0.0,0.0,0.0,0.0,,defense,H4GA10071,"COLLINS, MICHAEL A JR",receipts,6511959.52,2038360.07,0,0.0,2026-06-30,False,
H-MN-07,H,MN,07,REP,False,False,8424.0,0.0,0.0,8424.0,0.0,0.0,8424.0,0.0,2026-07-29,offense,H6MN07312,"OSBERG, ERIK",receipts,334944.86,114432.37,0,0.0,2026-07-22,0.0,0.0,0.0,0.0,0.0,0.0,,defense,H0MN07091,"FISCHBACH, MICHELLE",receipts,1286028.1,919822.51,0,0.0,2026-07-22,False,
H-VA-03,H,VA,03,DEM,False,False,7300.0,0.0,0.0,7300.0,0.0,0.0,7300.0,0.0,2026-07-22,defense,H6VA01117,"SCOTT, ROBERT C",receipts,688200.26,191843.08,0,0.0,2026-07-15,0.0,0.0,0.0,0.0,0.0,0.0,,offense,H6VA03121,"RIVERA, EDWIN MR. JR.",receipts,6554.63,1761.88,0,0.0,2026-07-15,False,
H-VA-04,H,VA,04,DEM,False,False,7300.0,0.0,0.0,7300.0,0.0,0.0,7300.0,0.0,2026-07-22,defense,H4VA04066,"MCCLELLAN, JENNIFER",receipts,1135225.39,197425.64,0,0.0,2026-07-15,0.0,0.0,0.0,0.0,0.0,0.0,,offense,,,,,,,,,False,
H-VA-10,H,VA,10,DEM,False,False,7300.0,0.0,0.0,7300.0,0.0,0.0,7300.0,0.0,2026-07-22,defense,H4VA10279,"SUBRAMANYAM, SUHAS",receipts,1170445.74,582811.94,0,0.0,2026-07-15,0.0,0.0,0.0,0.0,0.0,0.0,,offense,H6VA10233,"WONG, M. SAM",receipts,223055.76,2831.64,0,0.0,2026-06-30,False,
H-VA-11,H,VA,11,DEM,False,False,7300.0,0.0,0.0,7300.0,0.0,0.0,7300.0,0.0,2026-07-22,defense,H6VA11066,"WALKINSHAW, JAMES",receipts,2758960.53,979175.85,0,10000.0,2026-07-15,0.0,0.0,0.0,0.0,0.0,0.0,,offense,H6VA11108,"HEADRICK, NATHAN",receipts,252394.7,0.0,0,0.0,2025-09-18,False,
H-VA-06,H,VA,06,REP,False,False,7300.0,0.0,0.0,7300.0,0.0,0.0,7300.0,0.0,2026-07-22,offense,H6VA06173,"MACY, BETH",receipts,1686322.36,847470.41,0,700.0,2026-07-15,0.0,0.0,0.0,0.0,0.0,0.0,,defense,H8VA06104,"CLINE, BENJAMIN LEE",receipts,1441436.38,711441.57,0,0.0,2026-07-15,False,
H-FL-01,H,FL,01,REP,False,False,6264.0,0.0,0.0,0.0,0.0,0.0,0.0,0.0,,offense,H4FL01197,"VALIMONT, JENNIFER GAY",receipts,174308.79,21813.77,0,1000.0,2026-07-29,0.0,6264.0,0.0,0.0,6264.0,0.0,2025-03-05,defense,H6FL01390,"PATRONIS, JIMMY JR.",receipts,3789738.36,935301.85,0,5000.0,2026-07-29,False,
H-NJ-12,H,NJ,12,DEM,False,False,5658.0,5658.0,0.0,0.0,5658.0,5658.0,5658.0,5658.0,,defense,H6NJ12417,"HAMAWY, ADAM",receipts,1533851.83,91930.47,0,0.0,2026-06-30,0.0,0.0,0.0,0.0,0.0,0.0,,offense,H2NJ06210,"MELE, GREGG",receipts,79424.92,3083.83,0,0.0,2026-06-30,False,
H-IN-07,H,IN,07,DEM,False,False,4409.0,0.0,0.0,4409.0,0.0,0.0,4409.0,0.0,2026-06-16,defense,H8IN07184,"CARSON, ANDRE",receipts,1006176.73,621350.73,0,3692.0,2026-06-30,0.0,0.0,0.0,0.0,0.0,0.0,,offense,,,,,,,,,False,
H-TX-29,H,TX,29,DEM,False,False,4303.36,0.0,0.0,0.0,4303.36,4303.36,4303.36,0.0,,defense,H8TX29052,"GARCIA, SYLVIA R",receipts,987402.39,200972.67,0,0.0,2026-06-30,0.0,0.0,0.0,0.0,0.0,0.0,,offense,H6TX29122,"FIERRO, MARTHA ELENA,",receipts,0.0,0.0,0,0.0,2026-06-30,False,
H-OK-01,H,OK,01,REP,False,False,4016.76,0.0,0.0,0.0,0.0,0.0,0.0,0.0,,offense,H6OK01201,"CROISANT, JOHN THOMAS",receipts,141971.56,36578.59,0,0.0,2026-06-30,0.0,0.0,4016.76,0.0,4016.76,0.0,,defense,H8OK01157,"HERN, KEVIN",receipts,2512712.29,0.0,0,0.0,2026-06-30,False,
H-NJ-04,H,NJ,04,REP,False,False,2000.0,0.0,0.0,0.0,2000.0,0.0,2000.0,0.0,,offense,H6NJ04257,"PEACE, RACHEL",receipts,34351.97,5363.19,0,0.0,2026-06-30,0.0,0.0,0.0,0.0,0.0,0.0,,defense,H8NJ04014,"SMITH, CHRISTOPHER H",receipts,592016.19,488316.16,0,2725.0,2026-06-30,False,
H-NJ-10,H,NJ,10,DEM,False,False,1886.0,1886.0,0.0,0.0,1886.0,1886.0,1886.0,1886.0,,defense,H4NJ10176,"MCIVER, LAMONICA",receipts,2136938.35,814119.82,0,33.22,2026-06-30,0.0,0.0,0.0,0.0,0.0,0.0,,offense,H4NJ10135,"BUCCO, CARMEN",receipts,2270.33,1018.06,0,0.0,2026-06-30,False,
H-NJ-11,H,NJ,11,DEM,False,False,1886.0,1886.0,0.0,0.0,1886.0,1886.0,1886.0,1886.0,,defense,H6NJ11286,"MEJIA, ANALILIA",receipts,1823435.89,27475.47,0,5600.0,2026-06-30,0.0,0.0,0.0,0.0,0.0,0.0,,offense,H6NJ11211,"HATHAWAY, JOE",receipts,657711.0,5036.38,0,0.0,2026-06-30,False,
H-NJ-08,H,NJ,08,DEM,False,False,1886.0,1886.0,0.0,0.0,1886.0,1886.0,1886.0,1886.0,,defense,H2NJ08232,"MENENDEZ, ROBERT J.",receipts,1958765.95,679736.74,0,0.0,2026-06-30,0.0,0.0,0.0,0.0,0.0,0.0,,offense,,,,,,,,,False,
H-NJ-02,H,NJ,02,REP,False,False,1750.0,0.0,0.0,0.0,1750.0,0.0,1750.0,0.0,,offense,H6NJ02228,"WINDER, BAYLY PHILIP CHRISTOPER",receipts,825207.1,110284.28,0,0.0,2026-06-30,0.0,0.0,0.0,0.0,0.0,0.0,,defense,H8NJ02166,"VAN DREW, JEFF MR",receipts,1930057.69,1538041.29,0,0.0,2026-06-30,False,
H-PA-17,H,PA,17,DEM,False,False,1639.24,0.0,0.0,0.0,1639.24,1639.24,1639.24,0.0,,defense,H2PA17103,"DELUZIO, CHRISTOPHER",receipts,2776943.21,1073974.67,0,19.55,2026-06-30,0.0,0.0,0.0,0.0,0.0,0.0,,offense,H6PA17203,"GUY, TONY",receipts,117530.21,35848.65,0,0.0,2026-06-30,False,
H-IL-15,H,IL,15,REP,False,False,1403.0,0.0,0.0,1403.0,0.0,0.0,1403.0,0.0,2026-08-14,offense,H6IL15092,"TODD, JENNIFER ANN",receipts,113340.54,33756.99,0,0.0,2026-06-30,0.0,0.0,0.0,0.0,0.0,0.0,,defense,H0IL15129,"MILLER, MARY",receipts,1331399.27,810426.73,0,0.0,2026-06-30,False,
H-NY-24,H,NY,24,REP,False,False,1294.07,0.0,0.0,1.0,1293.07,1293.07,1294.07,0.0,2026-06-18,offense,H6NY24219,"ELLMAN, ALISSA",receipts,193087.81,12850.3,0,100.0,2026-06-30,0.0,0.0,0.0,0.0,0.0,0.0,,defense,H4NY22051,"TENNEY, CLAUDIA",receipts,2763138.81,1373086.59,0,0.0,2026-06-30,False,
H-NY-18,H,NY,18,DEM,False,False,906.92,0.0,875.0,1.0,30.92,30.92,906.92,0.0,2024-09-22,defense,H8NY19223,"RYAN, PATRICK",receipts,4723627.29,3116479.19,0,0.0,2026-06-30,0.0,0.0,0.0,0.0,0.0,0.0,,offense,H6NY18252,"AURINGER, JACKIE MARY",receipts,89698.05,61255.39,0,0.0,2026-06-30,False,
H-PA-14,H,PA,14,REP,False,False,655.4,0.0,0.0,0.0,655.4,655.4,655.4,0.0,,offense,H6PA14200,"BRADSTOCK, DAVID ALAN",receipts,201420.58,34707.47,0,0.0,2026-06-30,0.0,0.0,0.0,0.0,0.0,0.0,,defense,H8PA18199,"RESCHENTHALER, GUY MR.",receipts,4209644.42,990680.95,0,0.0,2026-06-30,False,
H-IL-17,H,IL,17,DEM,False,False,363.0,0.0,0.0,363.0,0.0,0.0,363.0,0.0,2026-08-14,defense,H2IL17147,"SORENSEN, ERIC",receipts,2233675.53,1325642.13,0,0.0,2026-06-30,0.0,0.0,0.0,0.0,0.0,0.0,,offense,H6IL17247,"VANCIL, DILLAN",receipts,308831.52,56689.48,0,0.0,2026-06-30,False,
H-TX-26,H,TX,26,REP,False,False,353.5,0.0,0.0,0.0,0.0,0.0,0.0,0.0,,offense,H4TX26172,"LINEBERGER, ERNEST ROBINSON III",receipts,122445.63,3124.76,0,0.0,2026-09-30,0.0,0.0,353.5,353.5,353.5,0.0,,defense,H4TX26149,"GILL, BRANDON",receipts,4217213.29,1411512.35,0,2803.64,2026-06-30,False,
H-NM-01,H,NM,01,DEM,False,False,338.0,0.0,0.0,338.0,0.0,0.0,338.0,0.0,2026-08-20,defense,H2NM01144,"STANSBURY, MELANIE",receipts,1353563.52,416710.64,0,0.0,2026-06-30,0.0,0.0,0.0,0.0,0.0,0.0,,offense,H6NM01129,"OKPAREKE, NDIDIAMAKA",receipts,100340.06,42740.98,0,0.0,2026-06-30,False,
H-NM-03,H,NM,03,DEM,False,False,338.0,0.0,0.0,338.0,0.0,0.0,338.0,0.0,2026-08-20,defense,H0NM03102,"LEGER FERNANDEZ, TERESA",receipts,1249948.86,666975.48,0,0.0,2026-06-30,0.0,0.0,0.0,0.0,0.0,0.0,,offense,H6NM03083,"ZAMORA, MARTIN R",receipts,440623.09,242569.39,0,700.0,2026-06-30,False,
H-MN-05,H,MN,05,DEM,False,False,155.0,0.0,0.0,0.0,0.0,0.0,0.0,0.0,,defense,H8MN05239,"OMAR, ILHAN",receipts,5829714.74,1347364.96,0,0.0,2026-07-22,0.0,155.0,0.0,0.0,155.0,0.0,2026-08-11,offense,H0MN05251,"AL-AQIDI, DALIA",receipts,1128978.57,50512.3,0,0.0,2026-07-22,False,
H-WI-04,H,WI,04,DEM,False,False,139.0,0.0,0.0,0.0,139.0,139.0,139.0,0.0,,defense,H4WI04183,"MOORE, GWEN S",receipts,1070658.79,28560.71,0,32.67,2026-07-22,0.0,0.0,0.0,0.0,0.0,0.0,,offense,H4WI04282,"NATH, PURNIMA",receipts,1925.0,5478.5,0,0.0,2026-07-22,False,
H-TX-32,H,TX,32,DEM,True,True,103.75,0.0,0.0,0.0,0.0,0.0,0.0,0.0,,,H6TX32217,"BARRIOS, DAN F.",receipts,96537.88,6043.27,0,750.0,2026-06-30,0.0,0.0,103.75,103.75,103.75,0.0,,,H6TX32159,"BINKLEY, RYAN",receipts,3218072.7,0.0,0,0.0,2026-09-02,False,
H-PA-02,H,PA,02,DEM,False,False,95.16,0.0,0.0,0.0,95.16,95.16,95.16,0.0,,defense,H4PA13199,"BOYLE, BRENDAN F",receipts,2451957.76,5560517.95,0,0.0,2026-06-30,0.0,0.0,0.0,0.0,0.0,0.0,,offense,,,,,,,,,False,
H-PA-03,H,PA,03,DEM,False,False,95.16,0.0,0.0,0.0,95.16,95.16,95.16,0.0,,defense,H6PA03203,"RABB, CHRISTOPHER M.",receipts,1329253.47,21451.63,0,0.0,2026-06-30,0.0,0.0,0.0,0.0,0.0,0.0,,offense,H6PA03310,"SCHNELL, ALEXANDER",receipts,80.64,22.0,0,0.0,2026-07-13,False,
H-PA-04,H,PA,04,DEM,False,False,95.16,0.0,0.0,0.0,95.16,95.16,95.16,0.0,,defense,H8PA04116,"DEAN, MADELEINE",receipts,1371535.9,1184806.8,0,0.0,2026-06-30,0.0,0.0,0.0,0.0,0.0,0.0,,offense,H6PA04144,"AYOUAZ, ISMAINE MR",receipts,0.0,-99.0,0,0.0,2025-03-31,False,
H-PA-05,H,PA,05,DEM,False,False,95.16,0.0,0.0,0.0,95.16,95.16,95.16,0.0,,defense,H8PA07200,"SCANLON, MARY GAY",receipts,990585.93,448590.17,0,1392.16,2026-06-30,0.0,0.0,0.0,0.0,0.0,0.0,,offense,H6PA05216,"MANGANARO, NICHOLAS WALN MORRIS",receipts,9296.15,5929.99,0,0.0,2026-06-30,False,
H-PA-06,H,PA,06,DEM,False,False,95.16,0.0,0.0,0.0,95.16,95.16,95.16,0.0,,defense,H8PA06087,"HOULAHAN, CHRISSY",receipts,1763414.98,4037759.36,0,0.0,2026-06-30,0.0,0.0,0.0,0.0,0.0,0.0,,offense,H6PA06156,"YOUNG, MARTIN",receipts,411270.5,213448.9,0,0.0,2026-06-30,False,
H-PA-13,H,PA,13,REP,False,False,95.16,0.0,0.0,0.0,95.16,95.16,95.16,0.0,,offense,H4PA13298,"FARNHAM, ELIZABETH RHOADS",receipts,55347.11,16052.79,0,150.0,2026-06-30,0.0,0.0,0.0,0.0,0.0,0.0,,defense,H8PA13125,"JOYCE, JOHN",receipts,2418118.73,3759995.18,0,0.0,2026-06-30,False,
H-WI-06,H,WI,06,REP,False,False,77.0,0.0,0.0,0.0,77.0,77.0,77.0,0.0,,offense,H6WI06191,"SMITH, BRADLEY",receipts,166060.88,60280.47,0,0.0,2026-07-22,0.0,0.0,0.0,0.0,0.0,0.0,,defense,H4WI06048,"GROTHMAN, GLENN S.",receipts,929019.7,829735.85,0,250.0,2026-07-22,False,
H-TX-03,H,TX,03,REP,False,False,27.75,0.0,0.0,0.0,0.0,0.0,0.0,0.0,,offense,H6TX03234,"HUNT, EVAN",receipts,446505.53,43877.75,0,0.0,2026-06-30,0.0,0.0,27.75,27.75,27.75,0.0,,defense,H2TX00064,"SELF, KEITH ALAN",receipts,645502.77,212694.22,0,0.0,2026-06-30,False,
H-FL-23,H,FL,23,DEM,True,False,12.5,0.0,0.0,0.0,12.5,0.0,12.5,0.0,,,H2FL14053,"FRANKEL, LOIS J.",receipts,2276253.73,1212162.38,0,0.0,2026-07-29,0.0,0.0,0.0,0.0,0.0,0.0,,,H2FL21132,"ADEIMY, DEBORAH",receipts,162514.88,33690.7,0,0.0,2026-07-29,False,
H-FL-10,H,FL,10,DEM,False,False,12.5,0.0,0.0,0.0,12.5,0.0,12.5,0.0,,defense,H2FL10259,"FROST, MAXWELL ALEJANDRO",receipts,3474867.07,1283055.9,0,0.0,2026-07-29,0.0,0.0,0.0,0.0,0.0,0.0,,offense,H0FL10113,"MONTAGUE, WILLIE",receipts,108.9,87.9,0,0.0,2026-07-29,False,
H-FL-05,H,FL,05,REP,False,False,12.5,0.0,0.0,0.0,12.5,0.0,12.5,0.0,,offense,H6FL05250,"GRAGE, RACHEL",receipts,272423.46,90533.36,0,0.0,2026-07-29,0.0,0.0,0.0,0.0,0.0,0.0,,defense,H6FL04105,"RUTHERFORD, JOHN",receipts,726726.61,268730.24,0,0.0,2026-07-29,False,
H-FL-20,H,FL,20,DEM,True,False,12.5,0.0,0.0,0.0,12.5,0.0,12.5,0.0,,,H4FL20023,"WASSERMAN SCHULTZ, DEBBIE",receipts,3300107.37,1861373.49,0,0.0,2026-07-29,0.0,0.0,0.0,0.0,0.0,0.0,,,H6FL20069,"JOSEPH, RODENAY MR.",receipts,98824.74,16182.39,0,0.0,2026-07-29,False,
H-CA-46,H,CA,46,DEM,False,False,6.32,0.0,0.0,0.0,6.32,6.32,6.32,0.0,,defense,H6CA46116,"CORREA, LOU",receipts,1226103.73,2479554.24,0,0.0,2026-06-30,0.0,0.0,0.0,0.0,0.0,0.0,,offense,H4CA46137,"PAN, DAVID",receipts,80725.51,6237.67,0,0.0,2026-06-30,False,
H-CA-35,H,CA,35,DEM,False,False,6.32,0.0,0.0,0.0,6.32,6.32,6.32,0.0,,defense,H4CA35031,"TORRES, NORMA",receipts,769060.59,339247.17,0,0.0,2026-06-30,0.0,0.0,0.0,0.0,0.0,0.0,,offense,H0CA35146,"CARGILE, MIKE",receipts,4759.0,2873.01,0,0.0,2026-06-30,False,
H-CA-33,H,CA,33,DEM,False,False,6.32,0.0,0.0,0.0,6.32,6.32,6.32,0.0,,defense,H2CA31125,"AGUILAR, PETE",receipts,4722834.83,3457641.87,0,0.0,2026-06-30,0.0,0.0,0.0,0.0,0.0,0.0,,offense,H6CA33122,"WEEMS, EUGENE LAMONTE",receipts,54876.97,0.0,0,0.0,2026-08-18,False,
H-IL-09,H,IL,09,DEM,False,False,5.8,0.0,0.0,0.0,5.8,0.0,5.8,0.0,,defense,H6IL09178,"ABUGHAZALEH, KATHERINE M.",receipts,4073733.32,17465.09,0,0.0,2026-06-30,0.0,0.0,0.0,0.0,0.0,0.0,,offense,H6IL09210,"SU, DONGBO",receipts,24114.64,0.0,0,0.0,2026-09-30,False,
H-NY-20,H,NY,20,DEM,False,False,1.0,0.0,0.0,1.0,0.0,0.0,1.0,0.0,2026-06-18,defense,H8NY21203,"TONKO, PAUL DAVID",receipts,957586.69,404327.47,0,0.0,2026-06-30,0.0,0.0,0.0,0.0,0.0,0.0,,offense,H6NY20225,"AMBROSIO, RALPH",receipts,29025.65,8118.81,0,0.0,2026-06-30,False,
H-NY-02,H,NY,02,REP,False,False,1.0,0.0,0.0,1.0,0.0,0.0,1.0,0.0,2026-06-18,offense,H6NY02140,"HALPIN, PATRICK",receipts,461848.14,89408.48,0,0.0,2026-06-30,0.0,0.0,0.0,0.0,0.0,0.0,,defense,H0NY02234,"GARBARINO, ANDREW",receipts,3513016.04,3458914.55,0,0.0,2026-06-30,False,
H-NY-01,H,NY,01,REP,False,False,1.0,0.0,0.0,1.0,0.0,0.0,1.0,0.0,2026-06-18,offense,H6NY01159,"GALLANT, CHRISTOPHER",receipts,647598.19,172217.32,0,0.0,2026-06-30,0.0,0.0,0.0,0.0,0.0,0.0,,defense,H2NY01190,"NICK, LALOTA",receipts,3795307.23,3329856.52,0,0.0,2026-06-30,False,
H-NY-14,H,NY,14,DEM,False,False,1.0,0.0,0.0,1.0,0.0,0.0,1.0,0.0,2026-06-18,defense,H8NY15148,"OCASIO-CORTEZ, ALEXANDRIA",receipts,32607753.66,15960931.7,0,0.0,2026-06-30,0.0,0.0,0.0,0.0,0.0,0.0,,offense,H2NY14128,"FORTE, TINA",receipts,803140.69,2738.07,0,0.0,2026-06-30,False,
H-NY-26,H,NY,26,DEM,False,False,1.0,0.0,0.0,1.0,0.0,0.0,1.0,0.0,2026-06-18,defense,H4NY26078,"KENNEDY, TIMOTHY",receipts,2310288.18,1213877.96,0,0.0,2026-06-30,0.0,0.0,0.0,0.0,0.0,0.0,,offense,,,,,,,,,False,
